station_id,station_name
2126622241630343402,4 Ave & 76 St
ba33c334-e17d-4478-ae3c-9c2f4dbfbb51,51 Ave & 61 St
1822663031356509142,Matthews Ct & Coney Island Ave
7a6fc75f-a605-4dd6-b567-b2bbbfb862f3,65 Pl & 53 Ave
2235294222661977076,Livonia Ave & Powell St
66db2a71-0aca-11e7-82f6-3863bb44ef7c,Barrow St & Hudson St
2250953816197165238,New Lots Ave & Van Sinderen Ave
2250954679485591748,Van Siclen Ave & Linden Blvd
1835246937517543544,24 Ave & 92 St
06439006-11b6-44f0-8545-c9d39035f32a,Vesey St & Church St
1826348248869574940,E 18 St & Church Ave
66de2b2f-0aca-11e7-82f6-3863bb44ef7c,3 St & Hoyt St
1986707977001495180,21 St & 20 Ave
525535e3-dde3-47b4-9c2e-0174eaa4f2bb,61 St & Borden Ave
1795146692060860976,Longfellow Ave & Aldus St
dd482585-3028-453f-a98d-55019db9b26c,2 Ave & 36 St
41495491-5d89-4e14-aab9-c3db04aad399,43 St & Skillman Ave
2235291403983301624,Willmohr St & Rockaway Pkwy
2124037125711300644,4 Ave & 85 St
90b141b9-c39f-4a26-a32d-08c7d1474d52,Lafayette Ave & Hunts Point Ave
1848241791125254746,51 Ave & Junction Blvd
4f814d78-5d8d-458b-877e-2ca449b865be,Riverside Dr & W 148 St
54df610f-0e47-4958-98ca-37bb1b1c4dca,Convent Ave & W 151 St
eb07bdfc-3a6f-40eb-96d2-0b92ac371619,Eastern Pkwy & Brooklyn Ave
2250950615627071938,Blake Ave & Schenck Ave
2171903733697659376,Steuben Ave & E 210 St
1a083890-e22b-4f81-8d98-567784034916,Cedar Ave & W Fordham Rd
1814907062275537820,Beverley Rd & Flatbush Ave
2250954799744676038,Warwick St & Hegeman Ave
1846085533896197012,51 Ave & Van Loon St
e1a3f2f9-618f-4727-b2d6-676e02aadf17,10 Ave & W 202 St
1875023224873448258,91 St & 23 Ave
1865017865553426604,Stratford Rd & Beverley Rd
54782566-697b-497e-a503-dc1f39963eb2,38 St & 30 Ave
ea9a19a6-acea-4286-a723-b5481c90a3c0,Rutland Rd & Brooklyn Ave
2250953927866314938,Georgia Ave & New Lots Ave
66de0bcb-0aca-11e7-82f6-3863bb44ef7c,Riverside Dr & W 104 St
1804894168423871442,Walton Ave & E 151 St
2250946870415589770,Georgia Ave & Fulton St
2250952899836909606,Livonia Ave & Van Sinderen Ave
66dcca0d-0aca-11e7-82f6-3863bb44ef7c,Myrtle Ave & Marcy Ave
2250954069600235708,New Lots Ave & Vermont St
1318e05a-2506-43c6-b49d-4c1f7f69a267,Hancock St & Wyckoff Ave
45865207-8700-4ef2-99ed-b08889ef0250,18 St & 27 Ave
2250954438147965446,Sheffield Ave & Linden Blvd
1b985e4b-88de-42a8-95be-dce37dbbc5c5,Walton Ave & E 176 St
1836581534415880440,92 St & 35 Ave
203d7b9a-8666-4af1-81c7-f9fc36aa0952,Anderson Ave & W 164 St
2250953640103506100,Hinsdale St & Newport St
61bc2467-aa8c-4386-ba9e-3f01120bd6b8,Cabrini Blvd & W 177 St
bc346753-b68a-4cb3-b93f-b0be68227eae,21 St & 21 Ave
18846fd4-877c-4971-9b6f-1bd8fbc10346,36 St & Hunters Point Ave
9092515e-eef6-478f-910f-1cd19d06bebb,Broadway & Hancock St
43eac213-4603-4bc2-b6d6-b45013396282,Jay St & York St
a35d03cf-bd72-4da4-a4ac-bd25b3f8dce3,DeKalb Ave & Franklin Ave
8dc8c0b3-4d70-40fe-a75a-86e30ecb676b,Caton Ave & E 7 St
1954778813955578360,Waverly Ave & Lafayette Ave
24f431ca-c2a5-46be-966b-b8d4c3e4b346,Stephen St & Seneca Ave
1989279523593928720,Vesey St & Greenwich St
ab5585c8-c2cf-4bab-96cf-d02eced4f6e3,W 104 St & Amsterdam Ave
66dbc8f5-0aca-11e7-82f6-3863bb44ef7c,Christopher St & Greenwich St
66ddb41c-0aca-11e7-82f6-3863bb44ef7c,E 80 St & 2 Ave
2250954181269385406,Riverdale Ave & New Lots Ave
2250954559226507458,Hegeman Ave & Vermont St
b200a8bf-2d79-4511-9a16-ac41e7245622,2 Ave & 32 St
66dd4981-0aca-11e7-82f6-3863bb44ef7c,East End Ave & E 86 St
2af3ecc3-4f43-468a-a7cc-bb4804ee3e7a,E 43 St & Madison Ave
95a52ce4-3597-47d1-8d6f-427cb3b8ca6a,W 165 St & Fort Washington Ave
66dd4051-0aca-11e7-82f6-3863bb44ef7c,5 Ave & E 63 St
2250953016513790446,Livonia Ave & Williams Ave
66dd49eb-0aca-11e7-82f6-3863bb44ef7c,W 63 St & Broadway
e36b5913-8e46-4c2a-b9be-73bdf8ee548b,2 Ave & E 72 St
2200455765164385302,E 116 St & 1 Ave
ff1e98d3-ae7d-4c53-a531-1845bee1d346,W Mosholu Pkwy S & Sedgwick Ave
7c7cb750-6613-48a4-bfae-9240968f1fad,E 26 St & 3 Ave
2250953149657776624,Pennsylvania Ave & Livonia Ave
66dc462a-0aca-11e7-82f6-3863bb44ef7c,W 15 St & 7 Ave
1945126022626996350,DeKalb Ave & Bedford Ave
14391923-6727-4359-92e9-03e0b5094753,E 77 St & 1 Ave
66dd4423-0aca-11e7-82f6-3863bb44ef7c,E 81 St & Park Ave
2250954313593913860,Hinsdale St & Linden Blvd
1856767203049599002,51 Ave & Alstyne Ave
2527619f-ef89-425c-bf3b-60cc0ec519bf,W 15 St & 10 Ave
2250948596992442786,Pennsylvania Ave & Atlantic Ave
2250947854012963938,Arlington Ave & Warwick St
8f3a6711-fd05-4ce1-acf8-9d72b4a1bf97,Menahan St & Onderdonk Ave
c7dbc7b5-240b-494d-8663-dbee4103a20c,Troy Ave & Park Pl
2250953269916860916,Livonia Ave & Wyona St
2116885590974001526,Port Liberte Ferry Terminal
0bb12c94-efdb-40ac-98fe-9521ba373b57,South Waterfront Walkway - Sinatra Dr & 1 St
66dd63de-0aca-11e7-82f6-3863bb44ef7c,Heights Elevator
5f798c51-5d8b-4add-9f81-341f54a82ffa,Southwest Park - Jackson St & Observer Hwy
2108373961268485100,Arlington Ave & Wilkinson Ave
2a66ed0a-5e6d-4893-a1d1-876bb2bac4be,E 174 St & Walton Ave
563389a0-d90f-4155-9c50-528459df26aa,Broadway & W 138 St
3134c2d4-b090-4eb8-ab44-6f9622098f72,W 148 St & Amsterdam Ave
038b7369-9c6e-4eb2-8569-f7461443302f,Fulton St & Williams Ave
59af018a-2ee9-489a-b445-bb6fba9c1119,W 163 St & Riverside Dr
14f928c6-9a51-40a2-b7e6-a74e8b351dbf,Lenox Ave & W 130 St
1838618090943186984,32 Ave & 77 St
66dd43bd-0aca-11e7-82f6-3863bb44ef7c,5 Ave & E 78 St
2366d8a4-7a49-42f3-9afe-efd2b200336b,45 Ave & 21 St
9c1c3499-1b11-471f-b59a-87d9e27e15c5,Broadway & W 142 St
2250949216287191162,Hinsdale St & Glenmore Ave
1869753812884512816,Strong St & University Ave
8fc95e31-b025-4d2b-b5aa-240465366480,Grand Concourse & E 144 St
058ee86d-ce2a-4597-99f7-f78f082b33e3,St Nicholas Ave & W 157 St
c83e1ef5-776e-417e-8ee2-d08ca121f884,Underhill Ave & Lincoln Pl
d5788cfa-817e-4b65-b43f-edda222a3c3c,35 St & 34 Ave
2250950056568561652,Bradford St & Sutter Ave
2250952460135944340,Dumont Ave & New Jersey Ave
2108373096850688302,Carteret Ave & Arlington Ave
66dd8b48-0aca-11e7-82f6-3863bb44ef7c,5 Corners Library
1828967979464708718,87 St & Roosevelt Ave
b4b5824b-3c23-44b7-92a3-cec6a54583a0,Morris Ave & E 171 St
66dbe15d-0aca-11e7-82f6-3863bb44ef7c,Franklin Ave & Myrtle Ave
2127386600787000162,E 196 St & Valentine Ave
f91170e6-a33c-4870-94da-9d51510515d2,Prospect Ave & E 167 St
9a40cb60-6ede-4c9e-9d64-dc55cae57f31,28 St & 41 Ave
1828967607558607844,32 Ave & 81 St
fd081854-3f37-420a-9785-ea63c09c12ad,Halsey St & Broadway
1789e458-c466-4d77-aba6-365f5c3823ed,Lewis Ave & Fulton St
66dbc982-0aca-11e7-82f6-3863bb44ef7c,E 47 St & Park Ave
6a671276-d345-4a4c-a7df-98f5dbb19e4c,43 St & 37 Ave
d29ea280-8b64-4a35-b12b-245525ae2a3a,W 48 St & Rockefeller Plaza
2250948734378996226,Georgia Ave & Liberty Ave
2108372562172578194,Arlington Ave & Bramhall Ave
ccfa1f8f-f930-45f2-9cda-375c01596ca2,Grant Ave & MLK Dr
1ec24ce3-2b69-4f3a-a153-c73e583d11f3,Jackson Square
ffae66ec-7c16-436f-bd0a-eedf81d580e7,E Mosholu Pkwy & Van Cortlandt Ave E
96e72113-3681-4d19-88bb-032e76720093,W 35 St & 8 Ave
db91c9e0-d80b-4cb4-9cc2-9453ec8fbeac,Grand Concourse & E Mount Eden Ave
66db5e6a-0aca-11e7-82f6-3863bb44ef7c,Concord St & Bridge St
1828969112306680612,90 St & 32 Ave
623c9658-5544-4254-847e-738763cf45a3,36 St & 47 Ave
84b30f68-5404-453a-ae86-a2baff03a2c9,Bainbridge Ave & Bedford Park Blvd
3bfc859b-5c5f-43bc-b2e7-b64ed8ea9ede,24 St & 41 Ave
2250953519844421810,New Lots Ave & Ashford St
66dc28bd-0aca-11e7-82f6-3863bb44ef7c,E 56 St & 3 Ave
531e6d94-5f4c-4ef0-9c83-47191be9d8f9,Tinton Ave & E 165 St
2116885281736356212,Caven Point Recreation Fields
2ebbe93b-a013-464a-b4a5-0eba96f89676,Myrtle Ave & 65 St
2250952758815752682,Dumont Ave & Barbey St
f523c481-ba41-44ba-96e1-0c431fbea558,34 St & 48 Ave
2250949340841242756,Williams Ave & Pitkin Ave
e0b80983-c520-47e3-9c8d-a17fff5e5582,E 169 St & Webster Ave
1828969323789472168,92 St & Astoria Blvd
d9ea5210-50b3-4342-9801-f896bd21f4a1,Bainbridge Ave & E 198 St
3bdd81c8-3112-45e6-ae72-11a3f4fa5921,Lincoln Pl & Nostrand Ave
65e7908a-a73e-4f8e-9967-0d0677f62bc4,Knickerbocker Ave & Moffat St
1834145064843958330,34 Ave & 71 St
2177015115528916668,Netherland Ave & W 232 St
1835250199411134468,Ditmars Blvd & 102 St
1828968082192898522,86 St & 37 Ave
66db3898-0aca-11e7-82f6-3863bb44ef7c,Spruce St & Nassau St
9206af28-03bf-43e3-a8b0-354792921466,St Johns Pl & Howard Ave
2116635307734817684,Richard St Light Rail
6107e75a-2493-4e3d-a3e0-d4886d3416e5,Montgomery St
66ddded0-0aca-11e7-82f6-3863bb44ef7c,Astor Place
66dddc08-0aca-11e7-82f6-3863bb44ef7c,Columbus Drive
66ddd93e-0aca-11e7-82f6-3863bb44ef7c,Jersey & 6th St
8d650b03-920d-4d44-a48f-8d9a1a0ba264,W 190 St & Broadway
12279d2b-29f6-4e02-a7f0-244970f7edd5,37 Ave & 35 St
66dcccfe-0aca-11e7-82f6-3863bb44ef7c,Tompkins Ave & Hopkins St
ab5c5ee6-9c4e-4aaa-a14e-d236d3e01d9a,43 Ave & 42 St
1834145468418707676,88 St & Astoria Blvd
3bf69f3e-23f6-4abe-b5fe-dabe6b0ea066,Wadsworth Ave & W 175 St
6f21be51-6fde-4cde-b1db-b102a5f67300,Brook Ave & E 157 St
1828966363527611286,32 Ave & 75 St
66de1b5b-0aca-11e7-82f6-3863bb44ef7c,Garfield Pl & 8 Ave
66db6e49-0aca-11e7-82f6-3863bb44ef7c,E 58 St & 3 Ave
bdc116cd-4d63-4693-846c-ec5073314007,W 192 St & University Ave
1835247598942507168,99 St & 32 Ave
2104286315955915532,W 47 St & 6 Ave
2177016792070807878,Riverdale Ave & W 254 St
1947001743402778700,Park Ave & Marcy Ave
2243826338052005928,94 St & Northern Blvd
ddc8ca6c-dceb-4603-ab1e-4bd972ca2a3d,5 Ave & 67 St
2250946987199164504,New Jersey Ave & Jamaica Ave
1e6c5d0c-f406-4b60-88f6-6284a38d3930,Fulton Ave & E 172 St
1828967717120678322,81 St & 34 Ave
09b00240-4c2a-4900-9d09-f13344461c02,31 Pl & Hunters Point Ave
4dde902d-512c-4e9e-8899-a68424ed87c0,64 St & 3 Ave
4223f276-a4d4-45e0-b914-67f5ef1e81ba,34 St & 38 Ave
8c6cba48-d803-4a90-99f7-e06edcdbbf92,21 Ave & Crescent St
e385c162-6a1a-4e7a-90c1-45d5b6fa1195,Madison St & 10 St
66dd6441-0aca-11e7-82f6-3863bb44ef7c,Newport Pkwy
837b7db3-55c6-4595-a497-834972631752,Stanhope St & Fairview Ave
f001fac9-5f19-451e-a752-afde574a8c81,Paul Ave & Mosholu Pkwy
305c221f-4e0b-4a5a-902c-3d1043dfe606,Newton Rd & 44 St
9790606b-a00d-4d5e-b6ec-abd11c9d25b3,Charlotte St & Boston Rd
298d4e45-c6d2-45f1-a07a-11606026a6e4,W 147 St & Adam Clayton Powell Blvd
1869439170989701358,Marcy Ave & Lynch St
2206780606343384712,72 Rd & 113 St
87091002-cc25-452a-b5d9-f8d0c3fce422,Cypress Ave & Palmetto St
9e99abca-c679-4788-9a4e-39066660bd6a,Crescent St & Ditmars Blvd
4780d9d1-b886-4e72-9d18-cb152f73e10a,5 Ave & W 139 St
aba6e644-3ac8-4cdc-9bc6-763e9d82dee9,Empire Blvd & New York Ave
2235292731365140254,Rockaway Ave & Blake Ave
66dcec6b-0aca-11e7-82f6-3863bb44ef7c,Scholes St & Manhattan Ave
1828966490867110420,75 St & Northern Blvd
2177015450536365760,W 238 St & Riverdale Ave
822d96e8-fb6c-463a-b866-aec9e408ad5e,36 Ave & 10 St
2195267602732060282,Stegman St & Ocean Ave
8ae0bf30-9979-461e-a947-2dd89f293b40,Clinton St & Newark St
38af3d1a-9916-46cf-b22e-86fc8648bf30,Park Ave & E 162 St
ff745407-c087-4c0d-a965-98baf078f292,63 St & 59 Dr
2206774503955006790,64 Rd & Grand Central Pkwy
1838070626762830158,99 St & Astoria Blvd
9e0b3452-ef6d-4e94-8c05-7bef199cdb74,49 Ave & 21 St
7a725e59-49be-4c1d-9c3d-3b3a8ed1232f,50 St & 30 Ave
4034789e-b70d-4aae-bf18-3ed37a4d751f,20 Ave & Shore Blvd
cc758f1a-8b28-4ff5-bc75-fbe62c453378,Steinway St & 23 Ave
016ee47a-4871-4209-91cb-bf3ceeddc991,St Felix Ave & 61 St
1828968611856235508,31 Ave & 86 St
b53b5e8f-9503-48d1-b3e3-9347ecef38e2,Wyckoff Ave & Gates Ave
9be6c750-85b6-4e81-bace-1a8ffe941d7b,MacDougal St & Rockaway Ave
1860189075388547142,Hughes Ave & Oak Tree Pl
66ddd78e-0aca-11e7-82f6-3863bb44ef7c,Morris Canal
66ddddb4-0aca-11e7-82f6-3863bb44ef7c,Monmouth & 6th
0fa27bd7-b182-4e7a-b5bb-90f4249cb368,34 Ave & 21 St
1828965887815635862,71 St & 37 Ave
52e81f02-b1f9-45d6-9e5c-e15277de1268,35 St & 21 Ave
15cb007b-bfca-4ad7-bfc6-44bf3d36785a,Jerome Ave & W 177 St
f3c68cfb-52fd-48c8-b6e5-85c179fee0b3,Sharon St & Olive St
2126621026154598618,Colonial Rd & 71 St
1860187692409078310,Crotona Pkwy & Elsmere Pl
3d1db3fa-1df5-46c8-baf3-619b729f5bda,4 St & Grand St
9d344652-976b-4c2d-bede-2ef19b0fbf13,6 St & Grand St
2235288652396667648,Clarkson Ave & E 91 St
b7c6ce96-a24d-4c1e-93ee-6f49c1adf119,E 165 St & Clay Ave
28be450b-7878-4495-add2-61afd94f375a,Ditmars Blvd & 73 St
1828968794479100296,25 Ave & 85 St
9dde927d-9984-4f97-bcd0-fbcb59e6ca66,57 Rd & 59 St
2235294142100241836,Livonia Ave & Mother Gaston Blvd
266c8621-fdea-4a7e-9d35-18ca1684d526,69 St & 38 Ave
1960021056359127624,Pleasant Ave & E 116 St
499e10ad-c008-461e-8cf7-20757218a9cc,31 Ave & 57 St
528ed1e0-75aa-45be-8afe-c3f1c950782f,Grand Ave & 58 Ave
66dc292c-0aca-11e7-82f6-3863bb44ef7c,Broadway & W 41 St
2121032973750651666,15 Ave & 37 St
8f72fe26-98aa-4e87-a612-9ae0eb1d9a38,62 St & 34 Ave
1828967346753327602,30 Ave & 80 St
1846449740982645546,Brooklyn Ave & Lefferts Ave
1826348745879909352,71 St & 32 Ave
2235291935345824774,Hegeman Ave & Amboy St
1913988158376585970,Shea Rd & Boat Basin Pl
2250948490437718122,Cleveland St & Fulton St
2157736614125310040,Culver Ave & JFK Blvd
1859808514684217788,National St & 45 Ave
99614ecb-2329-49fa-a13a-fa1ef2bb32d6,Clay Ave & Claremont Pkwy
15e1568b-f502-47a2-9d3d-b5aaa1edc239,Palmetto St & Traffic Ave
2206772833868913154,63 Dr & 102 St
1854538793462575652,103 St & Martense Ave
bd30f2a1-38ec-474d-9e36-07f688e87427,Manhattan Ave & Leonard St
2126621966735272262,77 St & Colonial Rd
bfbd1f09-afd2-49d2-8674-3a07b3c929a4,Waterbury St & Stagg St
5db1fefa-0f10-4c58-a7ce-113f3164ced8,40 Ave & 9 St
2235289607473550312,Sutter Ave & Grafton St
66dd24ca-0aca-11e7-82f6-3863bb44ef7c,31 St & Thomson Ave
a04bf523-3c76-4fad-88bf-e99037f9b796,23 Ave & 27 St
2206776188238371350,99 St & 65 Rd
2126624118513887578,3 Ave & 92 St
1835246381185208614,34 Ave & Junction Blvd
9d56294e-61fc-4176-bb9c-4692f45bb374,E 158 St & Melrose Ave
b6a13f2b-deb4-4f4d-9d67-7d23bee27c88,2 St & Park Ave
2235294316208072496,Riverdale Ave & Osborn St
1828966626550010820,77 St & 31 Ave
1838685618105506490,98 St & 25 Ave
2206773064227030872,64 Ave & 108 St
1820420022433309054,E 34 St & Linden Blvd
1860188607062574024,Vyse Ave & E 181 St
1828968691399885056,87 St & 30 Ave
2206780420991859398,Queens Blvd N & 72 Rd
dcdaa64b-4d2c-4017-bfb9-da25924f851d,Steinway St & 21 Ave
92ffa9d6-8cb1-44cf-8059-391b03d58071,Grand Concourse & E 203 St
324e93c8-4f3d-4a5f-becd-00e6f49fe4dd,44 St & 2 Ave
1851674145014649512,47 Ave & 109 St
2206778533929566696,69 Ave & Queens Blvd N
2206779647897746102,71 Ave & 110 St
66de867e-0aca-11e7-82f6-3863bb44ef7c,Greenwich St & Hubert St
cd4b8e12-b2c7-479b-900d-59cf7d8c4276,Stewart Ave & Johnson Ave
1861680103893703034,Sedgwick Ave & W 195 St
08bf2fe0-219d-48cd-87c5-6163b3a2eafd,Steinway St & 28 Ave
66dd650d-0aca-11e7-82f6-3863bb44ef7c,Dey St
6d766daf-9298-4059-a329-1818582d495f,Borden Ave & Review Ave
66ddec3e-0aca-11e7-82f6-3863bb44ef7c,14 St & 7 Ave
46dca5c6-7bd3-4a4f-aa1e-33aa66652294,30 St & 48 Ave
c809158b-ca8f-4a77-a800-8ee9d287c056,Crotona Park North & Prospect Ave
de6f4206-3aa9-4cb9-aae0-8547d2cd6854,White St & Johnson Ave
28a2436d-a52b-4fa4-874c-e096012a926d,9 Ave & W 219 St
2206775291229258176,98 St & 64 Rd
1848242058183072050,99 St & 50 Ave
be2bdee1-e3e9-45cc-94f0-2ba81a722ba3,Prospect Ave & Greenwood Ave
1846085439406916338,41 Ave & 77 St
20ff5447-eac3-43b7-820f-f6fa3a2e12a8,Pleasant Ave & E 120 St
5a24acbb-94ef-4cb5-9db8-f6073ac26a2b,21 St & 23 Ave
e10a6e12-d98c-4625-940a-9f83d9b2f6c4,20 Ave & 42 St
9ea2afff-a146-4824-89b6-39d5bdfac795,Grand Ave & Remsen Pl
6bc5598a-9eb8-44d2-adc0-d93b93af1924,Broadway & W 220 St
93da4d1b-d574-45b0-85d7-5b82e2887267,65 St & 2 Ave
1838070940162509196,34 Ave & 113 St
1851674198082642572,Corona Ave & 111 St
2206778716019602458,Queens Blvd S & Yellowstone Blvd
999865d2-0735-4e85-a9d4-00810231530e,Flushing Ave & Vanderbilt Ave
1877920686883352866,60 Ave & Junction Blvd
c05cd2e2-74e8-4526-a62b-d631e005fdd8,Lexington Ave & E 111 St
66dd515d-0aca-11e7-82f6-3863bb44ef7c,W 74 St & Columbus Ave
ca7ec509-cefc-4ac6-b729-08999d191051,Hazen St & 20 Ave
66dce9b5-0aca-11e7-82f6-3863bb44ef7c,Division Ave & Marcy Ave
2206780889143294664,Queens Blvd N & 75 Ave
2206779820747432414,Queens Blvd N & 71 Ave
66db930d-0aca-11e7-82f6-3863bb44ef7c,Pike St & Monroe St
5ffde991-1125-443e-bc97-6827b2b9c97b,Jefferson St & Cypress Ave
897e8739-ee1d-4b2e-b151-ad7e64e87697,Lenox Ave & W 115 St
e85c3165-ad0a-44a3-9683-d8cf7575f465,Caton Ave & E 10 St
66de10a8-0aca-11e7-82f6-3863bb44ef7c,2 Ave & E 99 St
5a5a38d1-f28d-4e51-bf85-27bb384135c7,39 St & 2 Ave
66ddf310-0aca-11e7-82f6-3863bb44ef7c,Clinton St & Union St
61647ec6-dfd6-4d1c-8800-d488d390c627,King St & Varick St
66dd17a5-0aca-11e7-82f6-3863bb44ef7c,Nassau Ave & Newell St
66de1368-0aca-11e7-82f6-3863bb44ef7c,Pioneer St & Van Brunt St
2192611139069500860,Grand St & Wythe Ave
f54ad1f8-fe58-49ac-82ae-b742aec66829,Lafayette St & Grand St
bcb08532-f0d5-4c0e-ad8a-4ddacc204791,Madison St & Evergreen Ave
66dc80b4-0aca-11e7-82f6-3863bb44ef7c,W 52 St & 5 Ave
7d9a1b9e-0123-4561-a111-b3735fada687,E 170 St & Clay Ave
94624d6e-4150-4ab1-92ff-bf55cb58ab61,Southern Blvd & E 172 St
be8e6f1c-e8b5-40bd-896d-423052ba3bbc,Onderdonk Ave & Dekalb Ave
1885442082749874736,Grand Concourse & E 176 St
c1144380-c1ac-4315-9b1a-4b4e870ac688,Hancock St & Malcolm X Blvd
1791472201147965920,W 54 St & 6 Ave
f6c33f22-d650-4935-a928-fb693a828b5f,St Nicholas Ave & W 155 St
ba7bf20d-b6bc-43dd-bf30-acb940eaeec8,University Ave & W 168 St
b83b2a73-af8e-4b82-b61e-aeaaf075fbe2,W 160 St & St Nicholas Ave
914e3e7c-87da-4f52-aa03-5449c6361fa2,30 Ave & 21 St
915057d4-edbc-4c73-8d81-dda33d600d58,Glenwood Ave
655b0878-c22b-4f8c-8675-21bf30d1eebf,Willow Ave & 12 St
581211b2-4e42-48f2-8a8f-5f968cb1c5df,Bergen Ave & Sip Ave
66dde69c-0aca-11e7-82f6-3863bb44ef7c,6 St & 7 Ave
d45b62b9-7d6b-43b2-bf1e-2c898c55dfd2,Amsterdam Ave & W 186 St
9e014047-d675-418b-a03c-84d974a25134,Broadway & W 168 St
1908785111291682996,Marcy Ave & Rutledge St
3db2fa34-0b56-4644-9ae9-bbee1583e717,Bronx Shore Comfort Station
c9cd8c29-7f0b-4979-9a0e-bec4613d2600,Audubon Ave & W 192 St
b9c209b2-6284-4f5a-a32a-680ef9da1c1f,Skillman Ave & 54 St
1856766912456610780,34 Ave & 89 St
74a1dc19-f894-4246-99f1-476a92452995,Carroll St & Washington Ave
2250948126513942572,Fulton St & Van Siclen Ave
1828966882896859944,77 St & 24 Ave
00d94dfc-3695-47e1-aba6-7f319dd2eb08,Bergen St & Kingston Ave
7b56cbab-9d93-4043-bfa5-63eb6b3e5281,Wyckoff Ave & Cooper Ave
2157737368545384190,MLK Dr & Bayview Ave
068b919c-f649-4091-8e12-ccf37191cad5,Wilkins Ave & Crotona Park E
4efda436-cd19-4ec3-acc7-1a622f723264,Fulton St & Saratoga Ave
c2d549f8-f54c-4a0d-9ecd-6e6f79118279,Cooper Ave & 65 Pl
2250952630016597152,Bradford St & Dumont Ave
2250949481755705772,Pennsylvania Ave & Pitkin Ave
1843486390605672640,Ithaca St & Baxter Ave
e5b2a7ce-d867-465b-8446-743e00617068,47 Ave & 48 St
ad41e353-033e-484f-8d76-78014e11e9d7,38 Ave & 29 St
59ad8f95-32a4-43de-b1c3-79c667b2d2df,36 Ave & 31 St
5736cd70-be41-483e-8d82-721874f40e6e,Albany Ave & Park Pl
1836581714456697424,93 St & Roosevelt Ave
7d455e9a-20b4-4b03-8248-0d982fdfa21b,W 168 St & Fort Washington Ave
1879859065051787718,Fresh Pond Rd & Eliot Ave
add829db-2feb-4e81-af61-056791a6e53b,St Johns Pl & Washington Ave
2250953386700435630,Livonia Ave & Schenck Ave
4fb1ee23-4511-47c4-8698-0c46673dc86c,53 St & Roosevelt Ave
66dbcb2f-0aca-11e7-82f6-3863bb44ef7c,Broadway & W 37 St
c72970e7-7f1a-4671-bf55-fc34be7c9413,47 Ave & Skillman Ave
5782a158-b596-4936-a451-32ccc131a57d,Thomas S. Boyland St & Marion St
21c4a77d-b1ae-4262-b143-087fd14a07b8,Clinton St & 7 St
66dd7f10-0aca-11e7-82f6-3863bb44ef7c,Oakland Ave
b4974d89-932c-4a9f-a264-2ea0cf70613e,Pinehurst Ave & W 187 St
19b61564-7629-41b4-80c8-1756135a5442,Cauldwell Ave & E 158 St
1b00fb53-da32-4b14-9a9a-84a391c8951c,Amsterdam Ave & W 119 St
66dc8bfd-0aca-11e7-82f6-3863bb44ef7c,Lexington Ave & E 29 St
0197e9da-ae03-40a7-8270-fe500bfc9e18,Boston Rd & E 167 St
5600446d-a00a-45e6-9dc3-550adfd63e39,Ogden Ave & W 164 St
1843486189591985058,79 St & Roosevelt Ave
1057229c-f8f8-4014-80cd-f40421c61cf0,Onderdonk Ave & Gates Ave
2137774972219769002,6 Ave & 74 St
df243d7f-e6ae-435c-9895-aecbcff9cada,Prospect Ave & Longwood Ave
08b9c491-a589-4e75-996c-2455c26fb356,Audubon Ave & W 179 St
bdefa3e3-aa5a-40eb-b7f8-542de55063e9,43 St & 50 Ave
30985a9c-afe4-4b98-a72c-2c72bb35603e,Greene Ave & Grandview Ave
1967778612889039234,E 61 St & Madison Ave
c829b6af-002b-4d04-af56-6924d4ad0aa2,W 190 St & St Nicholas Ave
0e405c35-322f-4705-8ea7-769eb3fd028a,Wales Ave & E 147 St
2108372790290481846,MLK Dr & Bramhall Ave
2108372029596633484,Dr. Lena Edwards Park
765ee572-6c7a-4ed3-a2d4-f1496ea53996,Webster Ave & Ford St
92fc1ad7-0867-4655-b02f-ede65d336b14,49 St & 31 Ave
023cf549-bd85-4f9a-abd8-70ba29d7e86b,W Tremont Ave & Montgomery Ave
2177014969129222184,Henry Hudson Pkwy E & W 231 St
2637fed8-1e2a-460b-83eb-3eb32ace0f4e,E 35 St & Madison Ave
bb0ce308-e5d9-48c7-9f4b-cf0120f2c39a,W 145 St & Amsterdam Ave
1851254360969534132,Benham St & Roosevelt Ave
1861683747231494964,Eames Pl & Claflin Ave
1860189190334925058,E 181 St & Bathgate Ave
78b4aa30-e4e9-4447-9419-c89f8527892e,New York Ave & St Marks Ave
c63e9937-cadb-4813-aee3-5fd3fcc93767,Malcolm X Blvd & DeKalb Ave
844c68cc-19f0-474a-86d3-4af170117aae,Grand Concourse & E Mosholu Pkwy S
93c28953-7e65-436e-9c5a-9d7ca0e3729f,Lexington Ave & E 36 St
1875672501601550456,Lorimer St & Harrison Ave
bd318c15-5c3d-4e72-9837-3b4bd37707e0,65 Pl & Woodside Ave
66dc8c90-0aca-11e7-82f6-3863bb44ef7c,E 23 St & 1 Ave
0579ff13-5d5b-4cbd-bc6e-3e9396591aef,Sumpter St & Fulton St
b9970fb5-176c-4a66-8772-6d76c4b6245a,Southern Blvd & E 175 St
06e5447e-35b8-45cb-b3bb-937791a6f8ae,59 St & 59 Rd
1882736243099681438,Davis St & Jackson Ave
3575749f-123a-4a80-870d-7ca7c7f9c8a9,28 Ave & 35 St
4aa6bb27-b76b-444e-a3ce-6fb25b822494,Riverside Dr & W 153 St
2250948241329614952,Barbey St & Fulton St
66dddf5f-0aca-11e7-82f6-3863bb44ef7c,Leonard Gordon Park
519824e4-69ba-4270-a395-17c204f328f8,8 St & Washington St
1862002854876824190,Elmhurst Ave & Forley St
66dc6a86-0aca-11e7-82f6-3863bb44ef7c,E 24 St & Park Ave S
af72ab76-c6cb-4994-af96-51fa8846ecdc,Bergen St & Saratoga Ave
2124035976827702128,68 St & 4 Ave
2250946729501126742,Atlantic Ave & Snediker Ave
1835246658344669972,96 St & Northern Blvd
66de13dc-0aca-11e7-82f6-3863bb44ef7c,Madison Ave & E 99 St
a6a132f9-89bf-42a4-afe6-1ca449b7f570,Cypress Ave & George St
6a9b19e3-cd69-4e0c-9b28-1889db936c7c,58 St & 32 Ave
787fe4b2-6029-4f71-917e-892479d8d64e,61 St & Laurel Hill Blvd
2123940148896639644,6 Ave & 78 St
1e83ffdc-8e72-45c0-8210-4f37e60505c9,31 St & Northern Blvd
c7be2714-14db-421f-a19e-f6a7bf6e8d26,25 Ave & 41 St
de0c1800-f7cc-41b4-ab7a-c9d219180d06,E 39 St & Lexington Ave
74f913d2-6eac-49ce-bd6d-53a06fa855a6,St Johns Pl & Kingston Ave
1828967499459705054,82 St & 30 Ave
66db28b5-0aca-11e7-82f6-3863bb44ef7c,W 17 St & 8 Ave
1875395639434791520,Gleane St & Britton Ave
66ddde40-0aca-11e7-82f6-3863bb44ef7c,Dixon Mills
754ac5df-f2b5-4636-8c58-ed84ea262bde,Bailey Ave & Sedgwick Ave
1840504138040045682,Jackson Mill Rd & 93 St
e35c42c6-8b73-4528-b08d-c94b75624b40,Bushwick Ave & Stagg St
2124425439157234232,68 St & 5 Ave
c8c39d85-4ce7-46c5-b709-998067200780,Bedford Park Blvd & Paul Ave
5d994b32-b7a5-450d-9bbb-93bf3b03e6d5,Intervale Ave & Kelly St
d08be53f-9691-4d6f-81f3-7d052abb7dd6,Albany Ave & Carroll St
1885718199416500650,Crescent Ave & Belmont Ave
5f2766b0-362e-49e5-ab09-05e2c4b6f626,E Mosholu Pkwy & E 204 St
2250950473840751128,Blake Ave & Pennsylvania Ave
1854255035042870020,60 St & 37 Ave
bd70035d-4151-42b2-91f6-7bb3333e5253,20 Ave & 21 St
285ad3c2-3ffe-45bb-8765-9c20a69641a6,27 Ave & 3 St
2250949757453070470,Pitkin Ave & Jerome St
d3433b47-99a7-4b21-9fa7-d7052bb5c23b,Walton Ave & E 171 St
66dd8bd9-0aca-11e7-82f6-3863bb44ef7c,47 Ave & 31 St
16280b32-7e5b-4a18-930b-212eac10faaa,Old Broadway & W 133 St
2206776530802483646,Austin St & 66 Ave
22ac9559-d7f1-4dcd-ae3e-f6caf586a455,42 Pl & Northern Blvd
4956ad8b-06d6-4af4-bcc8-735c45439608,Cypress Hills St & Otto Rd
cb4926e6-0a79-4902-80ee-d365fbf42aec,Sheridan Ave & E 172 St
16c54bf4-194b-4f26-9c49-a42901b4748d,40 St & Queens Blvd
1835250080052323168,97 St & 23 Ave
1885440410432338078,E 182 St & Grand Concourse
067b53bd-33bf-4698-8103-3931a5f32a37,39 St & 47 Ave
2116635417524034072,Van Nostrand Ave & Ocean Ave
2116635868495600156,Danforth Ave & Sullivan Dr
22ab59a8-0af4-4101-9350-a7af88e37c2e,W 133 St & 12 Ave
66db9e99-0aca-11e7-82f6-3863bb44ef7c,Stanton St & Mangin St
1871698223344654662,Lee Ave & Taylor St
a2ef8ed2-6031-4049-b7dc-9838ef39889b,Dawson St & Intervale Ave
576abdc1-986e-48b0-bde2-051a13d3ff59,39 St & Queens Blvd
f882ccc8-45aa-426b-aef6-514fe1d3d9cc,48 St & 37 Ave
dfad8e49-7e1b-4376-90b4-7a449319f294,48 St & Skillman Ave
ccfa8b82-07a7-4a08-88fc-be261c30a4ca,E 149 St & Jackson Ave
afc79a38-e26d-48f7-94e4-d0aca8fd1c49,57 St & 43 Ave
db02e1ea-acc1-4f45-8e3c-d37468b0b5a6,Menahan St & Wyckoff Ave
1869754004195029842,E 182 St & Belmont Ave
581d8683-c217-4f96-89cb-b5a94d780b83,W 55 St & 6 Ave
b43ecf62-4c9d-4b06-ac9a-5837084f769f,63 St & 5 Ave
1835249448692130546,102 St & 34 Ave
49703a2d-15e9-4af4-b80e-cca664d7ea18,Winthrop St & Rogers Ave
2206776688665279120,110 St & 66 Rd
dd8b2f53-8b94-4082-9576-994a4962f9d5,Journal Square
1849747691035224144,Adams St & 12 St
66ddd81a-0aca-11e7-82f6-3863bb44ef7c,Lafayette Park
0630217a-3913-47d9-9540-cf85688296a5,37 St & 24 Ave
f3140fb8-347b-4dca-96df-eeef2d1bfc50,Morris Ave & E 163 St
901ad0c4-383e-490a-8b54-0656ce2358d6,Bulova Ave & Brooklyn Queens Expressway W
a45a712c-1e3d-4fee-bef8-adafafd80670,62 St & 43 Ave
823ef531-40e6-4397-b973-86bf5b032076,Eastern Pkwy & Troy Ave
7938263e-e5b8-4ca7-b8bf-1adbaae5fead,Southern Blvd & E 149 St
be435dfd-e859-487c-ae32-3d2b76d49a49,E 156 St & Brook Ave
e4645d0d-8b76-4c46-b2b9-be25592e0659,43 St & Broadway
956e9f8d-d23a-4a0e-bf28-84180e818af7,Classon Ave & St Marks Ave
2177013981286744096,Kappock St & Independence Ave
344064f8-e82f-40fb-b235-aff506b77ae5,Morgan Ave & Lombardy St
febf420f-bbec-4044-a3af-69959e018ccb,Amory Ct & Metropolitan Ave
57f144cb-375d-4eee-b458-e288116cb8f7,Bradley Ave & Greenpoint Ave
7155b0a6-2545-4b02-ae8c-9c0c4220f8c3,46 St & 6 Ave
971cddfa-695e-4b44-ba8b-26154ab4a83b,Southern Blvd & Ave St John
66dd8479-0aca-11e7-82f6-3863bb44ef7c,Essex Light Rail
2124036103510616644,78 St & Ridge Blvd
0fde06c2-632c-46a9-8866-f4e855604f74,Broadway & W 38 St
1849009534951225816,Corona Ave & 98 St
77463580-6421-403d-b170-f2660c216175,Menahan St & Central Ave
1864606193814670106,Van Cortlandt Park S & Gouverneur Ave
002e6e9f-ced2-47b0-bc7e-ccf38c3b4b0f,Prospect Ave & E 151 St
d7bdc3d7-6e6d-4899-9cc7-f4238a86c695,43 St & 23 Ave
062ffe5a-aa91-412d-8210-23d562c7e7f8,72 St & Woodside Ave
2235291275134282710,Herzl St & Newport St
e7739b9e-7cc6-4cbb-98d3-669b8e2ae98b,57 St & 37 Ave
5fdf435f-6080-4b1d-966c-3b9d08450c4d,Willis Ave & E 141 St
bcd3ee0f-21d7-4cc8-ac45-ccea48b6fc1b,36 St & Queens Blvd
2171903032377767128,E 205 St & Webster Ave
66dc8382-0aca-11e7-82f6-3863bb44ef7c,W 34 St & 11 Ave
627c77c0-0088-4ba8-ba66-73e0e3d3fe77,Decatur Ave & Oliver Pl
33a797e8-6be2-4868-b9f6-1be157eaa0a5,Bergen Ave & Stegman St
2126623007192357636,83 St & Narrows Ave
cf1a96a7-f695-4ba2-bcf2-899552e21e47,Herkimer St & Eastern Pkwy
1869753057823626206,3 Ave & E Tremont Ave
2206772051528680770,62 Dr & 110 St
5145ad1c-241f-4448-a742-739bd5c518c2,64 St & 51 Ave
2124037656159914878,Shore Rd & 97 St
a37bd0e0-d1e9-4302-9ff7-286e415aff1c,58 St & 56 Dr
2e74ea1d-02a0-47bf-9665-dce2d65de8d7,W 17 St & 7 Ave
60a061d5-d984-4573-af3c-2054f4f59e94,Ditmars Blvd & 48 St
2126622876727162948,Ridge Blvd & 82 St
201edb67-d071-4b67-bafd-131e5c273e9f,Metropolitan Ave & Stewart Ave
1828966747840428256,73 St & 25 Ave
2116635185595800086,Woodlawn Ave & Sterling Ave
ec42fb3a-af54-46aa-a8b3-b17d72ed4475,34 Ave & 13 St
42c3bb6e-0478-4e4a-af10-151f5f4dffb9,55 Dr & Maurice Ave
3a89411a-0bc6-4ba3-bc56-fab950c8eba1,Central Ave & Flushing Ave
c638ec67-9ac0-416f-944f-619926144931,E 40 St & Park Ave
4753c893-e4bd-4d6a-bc4d-42209a19ebeb,Andrews Ave S & W 179 St
06f0d251-e1e3-435c-8c5f-9b991a14ca4a,49 St & 25 Ave
e6f3c665-0c87-4f34-a5e8-69baeed7b7bf,Eliot Ave & 60 Ln
1835247469495105628,25 Ave & 96 St
1786699974232881542,Greenpoint Ave & Monitor St
2206775039911987038,Austin St & 63 Dr
1880644160834607498,49 Ave & 27 St
1828966104320053340,72 St & Northern Blvd
45e8c326-b12d-4be6-b040-bb6de9986d25,Irving Ave & Harman St
647a2a80-9630-41b0-9b91-1f464b0bf3cc,E 16 St & Irving Pl
8fa2fafb-fa07-48b2-b159-bffbea7176d4,Seneca Ave & Decatur St
2206779232336912856,113 St & Jewel Ave
1848241332086049696,Case St & 94 St
067d5007-bda5-4697-b0a2-ccc2837f295c,24 St & 38 Ave
b3a9057e-7ff6-4117-b96e-e71c173cf1e9,Brook Ave & E 148 St
1815967313905864892,Rugby Rd & Albemarle Rd
1828967208126648828,23 Ave & 83 St
2116635527663355916,Wade St & MLK Dr
f34ea09d-32f9-492c-9124-99059bc0b5dd,Steinway St & 19 Ave
8a89684b-40a5-49fe-b75d-fdf32ffa8102,Southern Blvd & Tiffany St
69717638-5c4a-47a7-bccb-3b42c81eb09f,56 Dr & 61 St
7a1ad7c0-4958-4354-91a1-11bf13348abd,56 Dr & 59 St
1869753484503987044,Sedgwick Ave & W 231 St
a70b26b7-fbad-4787-bf15-29f7b13a19ab,21 Ave & Shore Blvd
2235291175136613374,Riverdale Ave & Thomas S. Boyland St
330ee4e3-29cb-48e5-845f-a8ccf1aa2ce6,Ditmars Blvd & 43 St
66db34fc-0aca-11e7-82f6-3863bb44ef7c,E 25 St & 1 Ave
918af7b2-e05c-477a-a8c0-7dcff984c566,5 St & Market St
cdb6e2aa-4da3-4ed7-9b13-ce626addf6b0,2 Ave & E 29 St
6db97fde-68ae-4d2b-b121-b7c17838bbe7,Grand Ave & W 181 St
9157a3bc-43fa-4221-8bb8-17273fc09540,Ditmars Blvd & 79 St
1869754328201607270,79 St & Woodside Ave
2206777248062022082,67 Ave & Queens Blvd S
2c2cdc55-52a3-4140-b4d3-8409a98f130f,Evergreen Ave & Noll St
2206778340656038370,Booth St & 68 Dr
174bf571-e597-463d-84bc-611c4a13d85e,Eastern Pkwy & Nostrand Ave
2235290353203716934,Bristol St & Pitkin Ave
66dcecfa-0aca-11e7-82f6-3863bb44ef7c,Stagg St & Union Ave
7a8bf573-275f-41d5-ad8b-1ff9ee7c2dce,31 St & 21 Ave
3e4a2c26-7527-469c-b4f4-1ef8d40fd20d,Sedgwick Ave & W Burnside Ave
1786700154621508184,N Henry St & Norman Ave
2235287757793011418,Utica Ave & E New York Ave
1828968883163894358,24 Ave & 87 St
66db46d7-0aca-11e7-82f6-3863bb44ef7c,Ave D & E 8 St
6651fc84-09d1-4cdb-a8d5-7d6345fb3466,50 Ave & 65 St
774c5443-d463-42b3-bfc5-b0ab3c56fe35,Wadsworth Ave & W 179 St
d2024260-cc58-451b-9417-3a695f8a1b34,20 Ave & 31 St
c3d5f47f-cfc3-4c1f-86bb-bcf770d2949b,Center Blvd & 48 Ave
2235293953980453918,Powell St & Blake Ave
2176731427905421244,W 231 St & Tibbett Ave
2235294409246987300,Mother Gaston Blvd & Newport St
2218569564729174336,Washington St & Morgan St
3371df76-39db-43ab-b3d6-fac0be55311f,Adams St & 2 St
2108373197827738014,West Side Ave Light Rail
faf98f78-51ab-4248-b7e7-f402902385a6,65 St & Broadway
1962547377975794462,Carlton Ave & Greene Ave
f5393bc2-36d4-4508-bf51-fa48d121f751,61 St & Queens Blvd
1848241684520917882,46 Ave & Junction Blvd
b0bac4ef-bb57-4598-a433-75c281170d5b,Lenox Ave & W 146 St
2206778196198800034,Yellowstone Blvd & 68 Ave
2e5cde21-f0a2-4396-899e-6df275e99212,Valentine Ave & E 181 St
1a5eae13-8f27-4875-8330-a796c95f8ad6,E 169 St & Fox St
e72f0aec-2293-4636-988c-b9d30df092f8,Liberty St & Nassau St
cc834d78-6eca-450a-ae00-a5ffc6f1a7a6,Maurice Ave & 53 Dr
648e09b6-95c2-40d3-9dac-a43f22eccf38,St Nicholas Ave & W 134 St
66dda55f-0aca-11e7-82f6-3863bb44ef7c,W 42 St & Dyer Ave
b1f67e5c-7c26-4bf3-a90e-1500a3160d60,Myrtle Ave & Grove St
b3c8aaaf-6e1c-4f56-9391-b79e883b8009,51 St & Hobart St
5d049d4b-0736-4323-834a-1b2454bd6551,54 St & 37 Ave
968d40e0-2a5b-4f6c-a161-fad1631b609b,60 Pl & 67 Ave
2171903385631266470,Reservoir Oval E & Bainbridge Ave
d7c12bf1-1ec8-496a-beca-90ba76c53241,48 St & Barnett Ave
f841ae52-0bbb-49db-b6eb-f898fbce6108,Washington St
2206777859619701214,112 St & 67 Rd
c530a1cb-7c60-4651-be8a-9bfa5eb43f8a,3 Ave & E 174 St
94771406-6712-4508-9392-11e9d90e1185,Fresh Pond Rd & Flushing Ave
1840540966407039246,111 St & 37 Ave
05b9e7cd-f3a2-4d48-b7c4-f5fbe09d9de3,Broadway & 51 St
1913995167022829826,72 St & 31 Ave
2235292910303400974,Christopher Ave & Sutter Ave
2235290666736329552,Thomas S. Boyland St & Sutter Ave
1849009794224623642,47 Ave & 104 St
de97a7d0-fbb3-4c13-ba6a-2bbd441751fe,Willis Ave & Bruckner Blvd
d7a7789b-a052-4a69-a4ec-59436b0f8d75,West Farms Rd & Boone Ave
2165507807810224012,Danforth Ave & JFK Blvd
1814900898997467540,Clarkson Ave & E 37 St
62089e99-7f73-4f59-816d-57f9793484a1,Lincoln Rd & Ocean Ave
43f3d3c7-46b0-4812-879d-15afe8804c5f,35 Ave & 10 St
1841240663447542046,72 St & Broadway
4cd5a87d-7618-4a15-892d-8cf29eec865c,Tyler Ave & Maurice Ave
e6a32ec8-fc8b-4ed6-93a2-3ace3921b89d,50 St & Northern Blvd
d319629d-63cf-4765-9f69-5569f35d6469,60 Pl & Flushing Ave
1913990214925537808,Mets Plaza at Citi Field
1846085836152179090,Corona Ave & 92 St
2177016197335217002,Broadway & W 242 St
a68acb0c-4244-416a-bf59-ca55d3120cdd,56 St & Arnold Ave
66dd80ac-0aca-11e7-82f6-3863bb44ef7c,Newark Ave
2116634708854430228,West Side Ave & Stegman Pkwy
59b747c1-fbfb-4a3d-9394-8d06834d7c98,Sherman Ave & Thayer St
2206779404135604698,70 Rd & 112 St
1849009654626746672,55 Ave & 97 Pl
1786697932047949952,Manhattan Ave & Devoe St
1202a491-9f76-4609-9b5c-eb7723ab5b45,57 St & Grand Ave
48e7e465-f861-452a-9bf7-7eacd0b2bcac,48 St & 2 Ave
d7d297fd-36dc-42f2-8e3b-24b1003be874,21 Ave & 80 St
ab29ce96-c2e8-4929-b27b-e0fe4aae17d5,Webster Ave & E 166 St
3c5a8531-4eec-4695-b4f8-8a1158890e78,Withers St & Kingsland Ave
b5861c2d-d687-4308-bf2d-5f69fc28cc4a,Clarkson Ave & Nostrand Ave
f0115d11-c678-4274-8bb7-d486dbb63361,Dyckman St & 10 Ave
1846086562569586930,Corona Ave & 102 St
2206777412304050722,Queens Blvd N & 67 Rd
66dd5e69-0aca-11e7-82f6-3863bb44ef7c,Union St
1794852638057746848,63 St & Borden Ave
1854538387432581604,49 Ave & 108 St
9635affa-8b18-42d5-84c4-7f67ad5ef9d0,Alexander Ave & E 134 St
c0a3b8fe-ba64-4cbb-b010-f760998d6c3a,Beck St & Leggett Ave
dccab832-b4a2-4105-927d-b52ec0d92c92,34 St & 5 Ave
d7f55e1b-12db-49d1-9cd8-4fb464745841,65 St & Roosevelt Ave
1849009244468810224,St James Ave & 51 Ave
1848241963446241866,97 St & 57 Ave
66dc1d0c-0aca-11e7-82f6-3863bb44ef7c,8 Ave & W 52 St
3e9e50cc-f336-439f-bd0b-dec5499c038d,Albany St & Greenwich St
0e82ab9f-8c93-4302-b9df-342f8135a05c,W 204 St & Nagle Ave
66ddeca9-0aca-11e7-82f6-3863bb44ef7c,Columbia St & Kane St
1856767555236917834,57 Ave & 98 Pl
b9b58379-b29a-4fa8-ba72-c647728e1686,57 Rd & 58 St
b471c112-1770-4dfe-9e13-fe7479dcb5a5,Intervale Ave & Westchester Ave
1862788202397235246,Bailey Ave & W 229 St
f8c242cd-da59-4f0e-afd6-832bbdd7d328,W 211 St & 10 Ave
1814901062206225038,Lenox Rd & E 43 St
180b83a0-329c-4069-87be-df862cb1baed,Church Ave & Story St
0687075b-cf2d-4130-a859-fe841aafbd3f,Vernon Blvd & 41 Rd
398aa734-3893-4dba-a704-57ae8632c4f9,30 Ave & 47 St
1828969515711812276,104 St & 38 Ave
1845676816555735590,E 38 St & Church Ave
2206769886708883714,62 Ave & Queens Blvd
1882735162923150168,46 Rd & 11 St
1828968994833044184,91 St & 31 Ave
5b0b689f-9bd2-4743-b4cc-d4629a9a709b,52 St & 1 Ave
9bd28b11-cf11-4938-abb2-dfa5ec800e32,Broadway & 12 St
7af717b9-99ce-4cce-94b4-b445a40537a1,Knickerbocker Ave & George St
1862008939006380034,E 189 St & Bathgate Ave
1838070776953752336,34 Ave & 108 St
66de4897-0aca-11e7-82f6-3863bb44ef7c,Columbia St & W 9 St
66dd5960-0aca-11e7-82f6-3863bb44ef7c,City Hall
66db75cc-0aca-11e7-82f6-3863bb44ef7c,South St & Gouverneur Ln
66dc9223-0aca-11e7-82f6-3863bb44ef7c,E 27 St & 1 Ave
e612122d-e0fd-4ebf-8d51-0f48f9d1b580,Willoughby Ave & Wyckoff Ave
1860189813948384088,Crotona Ave & E Fordham Rd
3c21925c-d68e-497c-b501-982d3eb3e852,W 204 St & Vermilyea Ave
1848241879913802606,56 Ave & Junction Blvd
1835618878584115330,3 Ave & E 109 St
66de73fd-0aca-11e7-82f6-3863bb44ef7c,Richardson St & N Henry St
2206782424530885178,Queens Blvd N & 78 Ave
66db9c2e-0aca-11e7-82f6-3863bb44ef7c,Ave D & E 12 St
1815967051912860522,Clarkson Ave & E 40 St
2142879485385917038,Amity St & Court St
66de07ec-0aca-11e7-82f6-3863bb44ef7c,3 Ave & 14 St
18d980e5-ba08-4bc3-832e-03eb71865768,Riverside Dr & Broadway
66dd1f44-0aca-11e7-82f6-3863bb44ef7c,Greenpoint Ave & Manhattan Ave
1846086463217404850,94 St & 57 Ave
66db44e5-0aca-11e7-82f6-3863bb44ef7c,Johnson St & Gold St
66de4078-0aca-11e7-82f6-3863bb44ef7c,Smith St & 3 St
20f3a578-4dfa-45ca-a917-b394d77ee08e,Greene Ave & Myrtle Ave
66ddeb67-0aca-11e7-82f6-3863bb44ef7c,Kane St & Clinton St
2177078072664187730,E 118 St & Park Ave
66dce4fc-0aca-11e7-82f6-3863bb44ef7c,Lorimer St & Broadway
daefc84c-1b16-4220-8e1f-10ea4866fdc7,Broadway & W 25 St
66dd039b-0aca-11e7-82f6-3863bb44ef7c,N 6 St & Bedford Ave
785b3e6b-dab5-4d25-afab-e2a1ef918669,51 St & 43 Ave
1838071090619298218,114 St & 39 Ave
1835250318514342456,Ditmars Blvd & 31 Dr
2206780035495797216,Queens Blvd S & 71 Ave
2227531312359792274,W 44 St & 9 Ave
1838071008881986168,37 Ave & 113 St
0eacb768-c7d5-4499-9182-9a1331d9280c,16 St & 4 Ave
1938139112487078732,E 103 St & 2 Ave
d3f51f51-7e51-4c75-8600-d76916608707,E 118 St & Madison Ave
8ea09819-cd88-4732-b047-c0549f0b370f,Delancey St & Eldridge St
6cd10426-b4e9-40e1-9b35-61f609190ac0,31 St & Hoyt Ave N
2022386456542683974,56 St & 2 Ave
eb6c2359-4825-4bf4-8f2d-8b6dd2bf4212,E 7 St & Ave C
66dde559-0aca-11e7-82f6-3863bb44ef7c,E 91 St & Park Ave
5c3c345d-1975-400d-a9d8-18815816886e,5 Ave & E 30 St
66dbc7d2-0aca-11e7-82f6-3863bb44ef7c,Bialystoker Pl & Delancey St
66db3f62-0aca-11e7-82f6-3863bb44ef7c,Myrtle Ave & St Edwards St
66de1c33-0aca-11e7-82f6-3863bb44ef7c,Amsterdam Ave & W 79 St
66dbee85-0aca-11e7-82f6-3863bb44ef7c,Fulton St & Clermont Ave
1848241425697670086,Queens Blvd & 56 Ave
66dd455e-0aca-11e7-82f6-3863bb44ef7c,E 85 St & 3 Ave
66dd539f-0aca-11e7-82f6-3863bb44ef7c,W 84 St & Broadway
66de44ba-0aca-11e7-82f6-3863bb44ef7c,Carroll St & Columbia St
66db6da2-0aca-11e7-82f6-3863bb44ef7c,Broadway & Battery Pl
66dde2d9-0aca-11e7-82f6-3863bb44ef7c,E 88 St & 1 Ave
66dd2060-0aca-11e7-82f6-3863bb44ef7c,India St & Manhattan Ave
1e3a16ff-65ba-4d34-b3c6-37aff44e085a,Rutgers St & Henry St
c71cca54-17f6-42bc-ba94-3f5bd9c70197,Bridge St & Front St
66db2953-0aca-11e7-82f6-3863bb44ef7c,Park Ave & St Edwards St
dc8223ad-4108-40a8-9ff5-35e8490b4077,Lenox Ave & W 117 St
66dbf362-0aca-11e7-82f6-3863bb44ef7c,Market St & Cherry St
fbee1143-e93f-418d-b6bc-8fde4a9a8746,E Houston St & Columbia St
66dc0f8a-0aca-11e7-82f6-3863bb44ef7c,E 3 St & 1 Ave
66db8ca4-0aca-11e7-82f6-3863bb44ef7c,E 11 St & 1 Ave
7779e057-b33e-46a7-8a1e-8c28bcd9a558,Thomas S. Boyland St & Macon St
66ddb66e-0aca-11e7-82f6-3863bb44ef7c,E 58 St & 1 Ave (NE Corner)
9b4a92ae-cefe-467a-8e35-5ce02d4f3a45,Louis Nine Blvd & Intervale Ave
b930dd82-92d0-4d86-b896-7d8b827c2d5f,Pacific St & Rochester Ave
5f968a1b-ee60-43a0-ad25-05211e09e436,Eldert St & Bushwick Ave
1836581441921155232,79 St & 37 Ave
2250947600560030106,Van Siclen Ave & Arlington Ave
96878d29-481d-48dc-bcdc-a5f1ce88c76d,Macon St & Lewis Ave
1964061627836181486,Central Park S & Grand Army Plaza
361dd964-db79-47dd-b044-eac88c735249,Edgecombe Ave & W 150 St
1885439359712500016,Grand Concourse & E 184 St
f4f9a09c-010c-430c-a766-3390c44b4962,Bainbridge Ave & E 196 St
38bb1218-0a9e-41d9-b2ef-25c8626dac29,E 138 St & Grand Concourse
36ddce8f-bd83-4a05-b601-b526fb4d8628,Buffalo Ave & St John's Pl
1597ea95-0b6b-425a-8d13-ed86ee0754b5,Lexington Ave & Stuyvesant Ave
66de1580-0aca-11e7-82f6-3863bb44ef7c,Grand Army Plaza & Plaza St West
3134bce7-0bb9-4a45-9c87-60a8cb681d72,Central Ave & Woodbine St
d5cb6e67-addb-46d4-93e7-832371736d45,E 149 St & Morris Ave
49f86083-851b-475d-b9ab-64e01b81f725,Stuyvesant Ave & Gates Ave
ee1d39c5-47c8-4527-9456-3719c50b7be5,Gerard Ave & E 146 St
1860188331547447938,Crotona Ave & E 179 St
814dd1a9-100c-4b1b-8110-6319bbd464e9,St Marks Ave & Rochester Ave
66dc686c-0aca-11e7-82f6-3863bb44ef7c,8 Ave & W 33 St
d18512f9-52c8-4175-92b9-b6258dc30748,Park Pl & Buffalo Ave
2171919049376995084,10 Ave & W 34 St
d265dbc7-ef55-4f5b-8a2b-f2015dc71fb8,Crescent St & 35 Ave
d8e02e7b-632b-4fbe-95b9-80efa47473e3,Broadway & W 185 St
2171903845366809074,Jerome Ave & E Gun Hill Rd
66dd2786-0aca-11e7-82f6-3863bb44ef7c,21 St & 43 Ave
35b8b636-18d3-4860-b0a9-39c0bce96a10,28 St & 36 Ave
1862008413697896912,E 180 St & Prospect Ave
66dcc30b-0aca-11e7-82f6-3863bb44ef7c,Greene Ave & Throop Ave
1846085626867634660,Forley St & Lamont Ave
b4063b76-1abd-465c-96a4-45f6ee016bc5,Grand Concourse & E 205 St
a3e2b360-f050-48ea-b8c8-57d897b8f7fc,Harman St & Seneca Ave
085da8d4-9465-46f0-82d1-10c9c9177d64,Prospect Pl & Howard Ave
c46a2889-258b-4fc5-a452-1d4e7dfe683a,3 Ave & Franklin Ave
1903998756008763590,E 46 St & Madison Ave
17c45d34-0d8d-46ba-9078-e9a2a7c5867c,Grand Concourse & E 167 St
1862787990429630662,Giles Pl & Fort Independence St
1843486301383097150,41 Ave & 80 St
d5ca6311-7471-480f-9c79-38baaafe34ba,Broadway & Kosciuszko St
96cf4c1a-db2c-4d4b-af34-c31281b5904b,23 St & 31 Ave
1828969417249358046,100 St & Northern Blvd
66dcb9f7-0aca-11e7-82f6-3863bb44ef7c,Kingston Ave & Herkimer St
2ec1235f-a043-4e3a-9ba1-56f7dd4624b7,21 St & 31 Dr
e63c8dac-ab44-48c8-83a0-92c53a00f12e,Eastern Pkwy & Washington Ave
66dcc920-0aca-11e7-82f6-3863bb44ef7c,Throop Ave & Myrtle Ave
66dccc99-0aca-11e7-82f6-3863bb44ef7c,Union Ave & Wallabout St
13b82a41-c25b-428f-a07b-5f5d8340c6f2,Tiebout Ave & E 184 St
66dea8ff-0aca-11e7-82f6-3863bb44ef7c,E 44 St & 2 Ave
1fba77e2-66ab-4e9c-9f9a-4ec4f11fd80b,Echo Pl & Grand Concourse
46813ecf-8df4-4c8f-9579-0179e0b36ba6,Marshall St & 2 St
66de19ab-0aca-11e7-82f6-3863bb44ef7c,3 St & Prospect Park West
f62526d4-9c6a-4c76-be76-c64b5be669d2,Steinway St & Ditmars Blvd
4e747443-d481-4aea-a6d1-cf20204af4ba,E 171 St & Webster Ave
17aba164-9d41-4336-9767-2218b8994ded,Chauncey St & Malcolm X Blvd
66dcbf69-0aca-11e7-82f6-3863bb44ef7c,Putnam Ave & Throop Ave
2cd651e7-1e3a-4cd9-8fd1-a2416e032f6e,St Nicholas Terrace & Convent Ave
66dbcdfc-0aca-11e7-82f6-3863bb44ef7c,E 53 St & Lexington Ave
0e5be726-2452-42a0-9be8-ea85c8408e4c,31 Ave & 34 St
1898455214498195676,Grand Concourse & E 181 St
a1112e04-bc50-4782-b3d6-bb5902c0e8db,Broadway & W 133 St
66dc1e55-0aca-11e7-82f6-3863bb44ef7c,W 49 St & 8 Ave
42032bf9-4599-4035-bc01-c80bec1a7122,31 Ave & 30 St
821b19c1-ab13-4482-9580-770288a377a7,Madison Ave & E 51 St
c0e0e578-8ce8-4c9d-be47-b902d8a41050,Union Ave & E 169 St
341730d7-a61d-499d-8c07-fa015f644e54,W 37 St & Broadway
a58ff2e3-a5ae-4070-a26d-ddfe8cc6fc58,Greenpoint Ave & 47 St
e24cb64d-10c2-48db-9440-59e63c0f1c95,Ralph Ave & Fulton St
01a1343d-9c7b-4a83-8a5a-a600187f19c4,Riverside Dr & W 138 St
bf5a9ad8-6725-4ade-967d-aba612d423bf,Eastern Pkwy & Rochester Ave
7efcb97f-6c8f-4445-86a9-3f758a822f17,W 116 St & Amsterdam Ave
66dc7957-0aca-11e7-82f6-3863bb44ef7c,E 25 St & 2 Ave
034f7f3d-e632-475a-aa01-894480d153df,Skillman Ave & Honeywell St
3c73cc9f-3c09-4ac4-a4ea-22b4f027bf23,Amsterdam Ave & W 172 St
1828968462257099768,32 Ave & 84 St
ded4386f-9f69-43c6-a566-4511920c3e39,Mama Johnson Field - 4 St & Jackson St
2116636221383887448,Danforth Light Rail
f9ed9a6b-097e-48b9-a9d1-79d084dcd2d9,Anthony Ave & E 175 St
517409d3-a94a-4140-a6de-ff0de9221ed2,Westchester Ave & E 156 St
4568f854-1268-45cf-bac8-82286ef40ae6,Dean St & Rockaway Ave
6fb81fda-f0b5-4242-90f9-88d0214feb8d,Sedgwick Ave & W Tremont Ave
2177016530523622712,Post Rd & W 251 St
6b60bf55-3da4-439a-bde1-fc80be8623ba,Fort Washington Ave & W 173 St
0de1f95f-8b1b-4e5e-9eff-73c63265b0ab,35 St & 30 Ave
8aad788d-c7eb-4fca-a426-c39f47741a6f,President St & Nostrand Ave
1871698348432996504,Taylor St & Bedford Ave
a90e9ad3-4347-4fa4-b031-9bf1f69ce049,39 Dr & 52 St
426862de-f8f2-4967-ba41-76680a4b460c,Crotona Park East & E 173 St
1841926579628419438,Gillmore St & 27 Ave
8f672aa7-08a1-4fe2-a471-06f219c0eb1b,Walnut Ave & E 136 St
2121032193446634360,37 St & Fort Hamilton Pkwy
40914c6b-293d-49ac-b83a-d9d4af998aea,St Ann's Ave & Westchester Ave
d837d1b0-8f80-4f6c-ae45-5dd0deec6977,33 St & 47 Ave
1854538169357726138,104 St & 32 Ave
2250948965646868460,Schenck Ave & Liberty Ave
eb41a103-0196-4f19-a440-256167191a7d,W 176 St & Montgomery Ave
c0b541ae-9e66-4739-babb-483180747dc2,48 Ave & 37 St
1929513834381415014,Riverside Dr E & W 155 St
2177017052188360762,Fieldston Rd & Mosholu Ave
1835249964093653018,100 St & Humphreys St
c9c09ed0-0a52-4d6a-a999-b0848874e51f,Fort Washington Ave & W 183 St
1975518396279321266,E 17 St & Broadway
66dcbb2c-0aca-11e7-82f6-3863bb44ef7c,Albany Ave & Fulton St
66de20c8-0aca-11e7-82f6-3863bb44ef7c,West End Ave & W 107 St
66dca5f3-0aca-11e7-82f6-3863bb44ef7c,E 43 St & 2 Ave
90fca941-2212-43bf-b104-ce32c4270d4d,Hoe Ave & Jennings St
2177017159407891310,Riverdale Ave & W 258 St
8d8a381c-21df-4095-837e-65924d85a06d,3 Ave & E 170 St
681a8bdb-65ff-4078-a5de-74927502da4e,9 St HBLR - Jackson St & 8 St
c32d6965-4fae-4f1f-a5f2-7f2ef5f439fc,Madison St & 1 St
2108372903577159978,Union St & Bergen Ave
1834145589124844432,92 St & 37 Ave
84a7baff-415b-4ab9-a859-74c2801483ce,Devoe St & Morgan Ave
bf880f45-422c-4e0b-b3b0-2b1f5ba94da4,Fulton Ave & St Paul's Pl
595cf79f-7783-4373-b3d5-775bcf76033b,Ogden Ave & Merriam Ave
493e046c-5d62-4772-90c4-b6a9f4afcd39,Willoughby Ave & Myrtle Ave
66dea7b5-0aca-11e7-82f6-3863bb44ef7c,E 53 St & 3 Ave
372c592e-09d8-400c-9595-2aa3510f39b0,Central Ave & Himrod St
ccaadb70-6c87-4ccc-9914-a3167bd1bc0e,Riverside Dr & W 145 St
923a60f7-2a0e-4a31-8dd5-66c8518c929e,48 Ave & 41 St
5eac53d0-5510-441a-9dbb-76bd38acf4ef,Goulden Ave & W 197 St
2171903221356328154,Bainbridge Ave & E 206 St
0f536c08-dde3-40af-a66d-1fe1e7edecd2,Gerard Ave & E 165 St
29b63342-02ab-4a62-be64-d3e59c0e1988,E 33 St & Park Ave
9d95a4a9-bcfe-4189-bb7d-abd9992ecbaf,Crescent St & Broadway
1f872052-38c4-4701-96c4-c363de51c2b5,W 54 St & 11 Ave
1828967830172187422,84 St & Roosevelt Ave
1861681121800951962,Sedgwick Ave & Hillman Ave
1860189426558126796,E 182 St & Park Ave
2053884382031338034,E 23 St & FDR Dr
2177017636303913026,Broadway & W 261 St
7e7d974c-a6ec-4d9a-b4ed-01a4d2056d8b,39 Ave & 54 St
720c0d64-7828-4dba-bff9-4d99f4e3a9fc,Central Ave & Weirfield St
1882736039096477712,44 Dr & 21 St
6fd84197-56e2-47df-849f-701aca0e7cc3,Sherman Ave & E 166 St
ab40ffde-f331-4194-adab-cb8c60b63f28,W Fordham Rd & Loring Pl N
1e590819-53fd-415c-bc28-aed605ad3bcb,Skillman Ave & 43 Ave
70634bc4-4d90-42d4-8f6a-3f29fa8f7f77,E 50 St & Park Ave
4cfd4097-0aee-4f11-9aea-55f99397bf33,Irving Ave & Halsey St
2177015274071900204,Johnson Ave & W 235 St
4bc6f4d0-edd5-4eb0-a704-f7ce0d693aac,Grand Ave & W Fordham Rd
adb67652-c20d-4dd2-8e89-d6015b801c1a,Freeman St & Reverend James A Polite Ave
fc5ee04d-710b-45ba-aae0-303b8e95ea89,Powers St & Olive St
66ddd8a8-0aca-11e7-82f6-3863bb44ef7c,Brunswick & 6th
6476c5fd-611e-436c-9736-e0f43bb7774e,E 163 St & Tiffany St
d979131e-0b9f-4aa2-88c5-46d4ff94abc8,Pacific St & Sackman St
eb217a2c-1dd0-4690-a34e-ecc1a708f883,4 Ave & Shore Road Dr
493850bd-125b-49f5-932b-bf999504fb06,Cauldwell Ave & E 161 St
09dfc0e3-a448-477c-bb3c-9467dc51ef8d,W 15 St & 6 Ave
1835249317786962140,99 St & 38 Ave
b319c797-71ff-490c-b965-ba2ac0f50da0,Woodside Ave & 55 St
66dd51e6-0aca-11e7-82f6-3863bb44ef7c,Riverside Blvd & W 67 St
d67375ea-3f93-4996-b0dc-f542341f2e6a,43 Ave & 40 St
1835247745828931742,99 St & 35 Ave
e1886e7a-62b1-4359-9835-8ab5a16371ae,Grand Concourse & E 175 St
66dc7cc3-0aca-11e7-82f6-3863bb44ef7c,W 56 St & 10 Ave
b0239a13-649a-4d31-aa04-56b8aaeba4d4,39 Ave & 56 St
1828968199249922252,86 St & 35 Ave
66dde079-0aca-11e7-82f6-3863bb44ef7c,W 89 St & Columbus Ave
1900647078394106472,McKeever Pl & Sullivan Pl
82b97827-1801-4b7b-b3de-16447a8dd025,Jefferson Ave & Patchen Ave
1861681959015615218,Van Cortlandt Park S & Dickinson Ave
f365afa3-e8a5-439d-975d-6c2b064f30df,Walton Ave & E 183 St
2116636101124803154,Ocean Ave & New St
c190f78c-77ad-469e-aecc-e2af7bb6d92a,26 Ave & 2 St
66dde4ef-0aca-11e7-82f6-3863bb44ef7c,W 92 St & Broadway
26cae473-0e59-4af7-bad5-bb6fec85c8bc,Madison St & Seneca Ave
8caf71df-76c3-43fb-be98-d555d2291460,Bergen St & Vanderbilt Ave
66dc81ce-0aca-11e7-82f6-3863bb44ef7c,E 51 St & Lexington Ave
1860189327773878824,Crotona Ave & E 183 St
66dc0dab-0aca-11e7-82f6-3863bb44ef7c,W 59 St & 10 Ave
514afe43-84d4-4941-8281-75a93c5cd365,Morris Ave & McClellan St
0927e331-866f-4d99-99b4-04edde99117a,27 Ave & 9 St
b636a06c-c10e-417a-ac22-14cadb8f8993,65 St & Otto Rd
1945126147213275898,Clifton Pl & Bedford Ave
2235293003933908382,Sutter Ave & Junius St
f3f46097-54cf-4c30-805a-6b2a4851eed7,46 St & 25 Ave
fe6f022b-7fdb-44fe-80bb-cbfc500959bf,W 140 St & Riverside Dr
1963272613486484230,E 15 St & 5 Ave
2116635993049651742,Ferris Triangle Park
4a48175b-c239-4d5e-b1b8-03eda4239678,14 St Ferry - 14 St & Shipyard Ln
823c0615-2832-4e76-85f0-7cf527151aba,Grand St & 14 St
2158919319277979600,Mallory Ave & Roosevelt Ave
d470e82e-d109-4e2e-b66a-f5e944cbfe97,Eastern Pkwy & Ralph Ave
82c85f05-4722-48ae-9f64-0522012eb3c8,Southern Blvd & E 174 St
61f2ffd4-159a-42b3-a4d9-3fdfc3349074,Halsey St & Evergreen Ave
1838070843306263244,112 St & Northern Blvd
b896d83d-5524-4c9c-a2aa-c1b0edaadc22,Walton Ave & E 168 St
2235289813631980528,Legion St & Blake Ave
1871972060496771504,Claflin Ave & Reservoir Ave
514f3dda-4d08-464c-b2d4-5706d400065a,39 Ave & 45 St
66dcbe7c-0aca-11e7-82f6-3863bb44ef7c,Putnam Ave & Nostrand Ave
1836581807397045112,75 St & 35 Ave
66dbeded-0aca-11e7-82f6-3863bb44ef7c,Lefferts Pl & Franklin Ave
1838070703178521596,107 St & 32 Ave
66db8c10-0aca-11e7-82f6-3863bb44ef7c,E 19 St & 3 Ave
bfea6c5b-2e1a-42c5-8199-2ded6042d57b,Frederick Douglass Blvd & W 129 St
2250949099553479792,Cleveland St & Liberty Ave
2ec2f95c-675c-4c59-856f-1fb38df59fa2,Grand Concourse & E 192 St
1869754143518014264,78 St & Northern Blvd
1abd4668-ed6b-4930-8177-17239ae75a9e,Fairview Ave & Linden St
22cd02a2-228f-4eeb-b249-cbea51a0e219,York St & Marin Blvd
66dd630c-0aca-11e7-82f6-3863bb44ef7c,Riverview Park
fadf00cf-d84a-49e8-9607-c67154915412,Columbus Park - Clinton St & 9 St
c602146e-d69d-43b6-9e8f-054c4df5377e,Seneca Ave & Irvine St
1bb1af93-b433-4da7-8054-009c85f7755a,Jerome Ave & Anderson Ave
66de17f7-0aca-11e7-82f6-3863bb44ef7c,W 100 St & Broadway
1198e739-787c-4ce4-aa63-ffaf98506e9c,7 Ave & W 55 St
c8060816-b4aa-4fd9-bc66-af28bf61dc87,Hamilton Pl & W 140 St
bb07a569-cc74-439e-b424-916c0304f136,2 Ave & E 125 St
1851674088959433552,Judge St & Britton Ave
0cde9bcd-0dcb-45dc-9c9a-3e5485b5452e,Queens Blvd & 56 St
2177013822218302292,Knolls Crescent & Kappock St
2687f2e1-3529-464d-82eb-e4f61440c563,Woodside Ave & Roosevelt Ave
d7904cd0-4b1b-47d0-8103-937bcf5ff845,31 Ave & 14 St
2235292640933882908,Liberty Ave & Sackman St
1834145330979754058,74 St & 37 Ave
0dc63044-e19c-474d-9df1-c3e504d03b07,Ave C & E 16 St
1875413335585534272,E 178 St & Monterey Ave
1828969851041055492,104 St & Northern Blvd
66dcf394-0aca-11e7-82f6-3863bb44ef7c,Bushwick Ave & Powers St
2171903970740122034,Jerome Ave & Bainbridge Ave
f6143531-4a16-4aac-9b55-573ef7ef162e,34 St & 35 Ave
3ac7b47b-2253-4a0b-bf7d-8a2eb6b78a38,E 12 St & Ave C
a4c9faeb-2234-457d-ad56-1ab14104b538,61 St & Woodside Ave
66dd4356-0aca-11e7-82f6-3863bb44ef7c,1 Ave & E 62 St
8ea3301f-6940-4e0f-80f0-7a3e54b2eaa5,E 133 St & Cypress Pl
4aecd6f2-8a84-4bed-a528-dc6870877292,Stevens - River Ter & 6 St
66dddd28-0aca-11e7-82f6-3863bb44ef7c,Communipaw & Berry Lane
1861678548643203686,Crotona Pkwy & Bronx Park S
2100948436010992354,Review Ave & Greenpoint Ave
77e31650-e86a-4b06-b2de-b92df2a7a7f5,34 Ave & Vernon Blvd
2206779090602992084,68 Dr & 112 St
457ea5d7-d643-4028-87db-46dee0b81555,Kingsland Ave & Nassau Ave
81a34754-ae08-47a6-964d-4733849a8fab,Garrison Ave & Manida St
9991b75b-a9ba-4abc-bf84-0108291be05a,Ocean Pkwy & Church Ave
66dc82ef-0aca-11e7-82f6-3863bb44ef7c,W 43 St & 6 Ave
2009671276352543716,34 Ave & 83 St
48b19cc8-bf45-4602-89ac-a8c0a0560c43,Paul Ave & W 205 St
b9d3134b-697f-4a0f-b90f-d95f6c69ffda,Decatur St & Saratoga Ave
4b67c6e0-d603-4fbc-afbe-0b8952f4f7af,E 161 St & River Ave
2206776383852360704,Yellowstone Blvd & 65 Ave
ab692d1f-5a4a-4fff-b929-013c3a7e8a98,51 St & Queens Blvd
062f0ac2-b3b6-4c15-b470-92ce9b592635,Bergen Ave & E 152 St
66dc7b10-0aca-11e7-82f6-3863bb44ef7c,W 51 St & 6 Ave
2250949889777598900,Sutter Ave & Sheffield Ave
272c0389-5e4a-41a9-ad6c-2dccdfa55af9,Madison St & Forest Ave
63a838a8-9acf-4ba1-91f5-c676f6ef2f7d,Green St & McGuinness Blvd
a4d041fd-c5fa-4f52-800c-25d7a661a875,E 138 St & 5 Ave
2137775326353803668,Ave C & McDonald Ave
66de4bbb-0aca-11e7-82f6-3863bb44ef7c,Smith St & 9 St
d11b9869-8964-4b79-aafc-4b60ad1b44c4,Central Ave & Starr St
2250948004286955934,Shepherd Ave & Fulton St
760ebaea-f7c7-45ad-aa3b-395d97adcf8f,Adam Clayton Powell Blvd & W 115 St
9a37d8a1-990b-484c-9603-262dbd1165cc,Bleecker St & Forest Ave
66db3997-0aca-11e7-82f6-3863bb44ef7c,E 48 St & 3 Ave
d1c204d7-d575-417d-b134-6ebdf7e99f98,46 St & 30 Rd
79399e32-a6c6-4732-8ad4-9f9140a86b21,Center Blvd & 51 Ave
2235288496527386354,E 93 St & Winthrop St
1884688942632618210,29 St & Skillman Ave
66dc192f-0aca-11e7-82f6-3863bb44ef7c,Bedford Ave & S 9 St
66db5c14-0aca-11e7-82f6-3863bb44ef7c,Adelphi St & Myrtle Ave
16cbe771-8fca-4437-b9d2-374e00da6c3a,37 Ave & 63 St
26568d39-db49-4354-a5c1-c81a3c856285,Lincoln Ave & E 134 St
2206778041579977376,110 St & 68 Ave
29b21bd8-2459-4727-b1f0-d73592db3321,Beaver St & Fayette St
1835246815877178358,30 Ave & 96 St
66dc0d3a-0aca-11e7-82f6-3863bb44ef7c,Clermont Ave & Park Ave
faf021ad-9de5-44bd-b7f5-48127e8d5fea,Metropolitan Ave & Vandervoort Ave
8603535e-0d7a-4c5b-ae77-27b9f5770bfa,71 Ave & Myrtle Ave
1849010295160437584,Waldron St & 108 St
16836c76-c412-4ec3-bac8-3c6a5a3d9745,Madison St & Woodward Ave
f47e1ce9-ff3f-49e9-9a2f-aa5be45d70da,St Ann's Ave & E 144 St
2142879664486885396,W 181 St & Riverside Dr
66ddda59-0aca-11e7-82f6-3863bb44ef7c,Jersey & 3rd
a59f4f11-5d52-43a2-8a32-ae71137a6af8,Grand St
e2c00264-9eea-446d-a1b7-27cef3aed403,Bergen Ave
2206781040135081610,Austin St & 76 Ave
c3062f44-c5b9-4650-a4ec-cc66cbf5b944,Grand Concourse & E 199 St
bbc3c1df-f7db-4f54-8d5c-b8f4269ecb48,64 St & 53 Dr
2206777693817385998,Yellowstone Blvd & 67 Rd
d52d4171-fd60-4a28-b7e2-89f3693e0591,53 St & Flushing Ave
66dcfaf6-0aca-11e7-82f6-3863bb44ef7c,Union Ave & Jackson St
a0eec052-257a-4c79-8171-6e2ad9864ad0,Ave D & E 10 St
d8673258-9513-4ed2-86bf-bef62e7e4e30,E 141 St & Jackson Ave
bbaae5d3-7e2b-46a8-872e-152404c664f7,62 St & Northern Blvd
2206772278401797754,Grand Central Pkwy & 62 Dr
2235288025331442414,E 92 St & Rutland Rd
2171904090179944948,Bainbridge Ave & E 211 St
2743a950-3a1f-4a58-8fe0-f4105033e0e3,30 Ave & 41 St
66dd25e0-0aca-11e7-82f6-3863bb44ef7c,45 Rd & 11 St
2206771320470308682,62 Ave & 102 St
2121033124458338894,Cortelyou Rd & E 8 St
0f9423bd-98dd-4919-b6e3-28880ff7ecca,Woodside Ave & 69 St
60c5a043-1367-4a27-96ee-394ba60e2154,35 Ave & 37 St
2206771827276449614,108 St & 62 Dr
d09709d2-e119-48c4-aa22-29432a13a35a,Bloomfield St & 15 St
498d7e8e-5164-4f26-9ce6-399947d73b1a,Suydam St & St Nicholas Ave
0cc38ba1-4625-4821-9a6f-e490525cbce2,Windsor Pl & 8 Ave
1817431953833509324,Caton Ave & Bedford Ave
1876864480506022446,Whitney Ave & Ketcham Pl
66dc481a-0aca-11e7-82f6-3863bb44ef7c,E 12 St & 3 Ave
2206778896946400902,108 St & Jewel Ave
66dcf0b3-0aca-11e7-82f6-3863bb44ef7c,Graham Ave & Grand St
cd5e7c3e-c618-416a-ae99-b509bd56e1b2,48 St & Broadway
5a6218aa-c5b7-4436-93c1-dee7cb5322d9,34 Ave & 48 St
66dd5f99-0aca-11e7-82f6-3863bb44ef7c,Lincoln Park
66dd5a42-0aca-11e7-82f6-3863bb44ef7c,Warren St
5f63411c-91ce-4788-a567-d388cc812a15,Lexington Ave & E 127 St
7f4753d7-8d58-48bd-a881-de5bff08b27d,72 St & 41 Ave
1096fc76-794e-4343-8eb0-0dd6c9a48266,E 201 St & Briggs Ave
1828969726487003714,37 Ave & 106 St
2124426189188761638,5 Ave & 88 St
1882735457106787122,11 St & 44 Rd
1860190006584693708,E 187 St & 3 Ave
2576805f-9732-4c74-8f1d-57715e8cdfa2,Central Ave & Covert St
61be9a4a-737c-413a-9b72-d47b28a366d5,38 St & Northern Blvd
2235288376268302064,Rockaway Pkwy & Rutland Rd
fdf21800-6106-4739-b7d5-b379b19e5732,Van Sinderen Ave & Atlantic Ave
ee1ba75f-baf5-4852-929c-8b7ad310f55a,Willoughby Ave & Onderdonk Ave
dee5a590-7cda-465e-8351-b0622a5e2ad3,Walton Ave & E 153 St
1834145204469569922,34 Ave & 74 St
2235289255286232036,Rockaway Pkwy & Winthrop St
2206771530409556572,63 Ave & 99 St
2235291740170879960,Linden Blvd & Church Ave
66de0a78-0aca-11e7-82f6-3863bb44ef7c,Henry St & Bay St
956de8aa-9e06-4efb-8eb0-35fe9b274a48,60 St & 60 Rd
2235292436998225298,Mother Gaston Blvd & Glenmore Ave
387e2863-83ad-4589-8004-794a7b624801,24 Ave & 26 St
2206770641351326294,62 Dr & 97 Pl
2126624466406238560,96 St & Marine Ave
2c366f4b-8319-41bf-ab8e-2fba3a952feb,W 42 St & 6 Ave
c3b255d8-b690-4825-b1e9-a1d1680e5542,Kent St & McGuinness Blvd
66dd8043-0aca-11e7-82f6-3863bb44ef7c,Pershing Field
1851254468343716806,60 Ave & Otis Ave
1880643645302280466,Washington Ave & Park Pl
62e2b1dd-ca52-4e1c-a112-1d8846b9d9b5,Greenwood Ave & E 4 St
22e38a04-e70d-4484-bbf3-f6e8c64fdbd4,19 St & 8 Ave
1861682702044957494,Tibbett Ave & W 234 St
66dc4599-0aca-11e7-82f6-3863bb44ef7c,S 3 St & Bedford Ave
66dce5c9-0aca-11e7-82f6-3863bb44ef7c,Boerum St & Broadway
1848242216849312578,43 Ave & 111 St
66db8fde-0aca-11e7-82f6-3863bb44ef7c,Watts St & Greenwich St
6fcad2af-c3e2-47a4-8942-023ae4047e67,Ditmars Blvd & 76 St
c04cef84-3fcd-4fd9-9e40-8e07453dbe19,Jerome Ave & E 181 St
66dd4f9b-0aca-11e7-82f6-3863bb44ef7c,Amsterdam Ave & W 82 St
7c42f9fc-d280-4841-ad96-e3cc53ee3759,Willis Ave & E 143 St
66dbcd6c-0aca-11e7-82f6-3863bb44ef7c,Clinton Ave & Myrtle Ave
66de205d-0aca-11e7-82f6-3863bb44ef7c,3 St & 7 Ave
0b613329-b8c8-4b8c-ad40-79952aa41157,1 Ave & E 110 St
26b3a82b-3487-44c2-85f1-eddb5a8a3a9d,55 St & Northern Blvd
2235289947989388178,Kings Hwy & E 94 St
2206781222579094026,Queens Blvd S & 76 Rd
afd76a0e-ceb8-4d18-a427-b378c4d07a75,Dock St & Front St
1838999521825487230,Winthrop St & Schenectady Ave
e780c290-0c52-4ab1-9719-a581be789df3,Willis Ave & E 137 St
97bcf094-ad77-4743-9c94-832c7300c090,E 128 St & 3 Ave
2171904301452603832,Hull Ave & E Gun Hill Rd
1820420129807491554,Tilden Ave & Lott St
66dde7dc-0aca-11e7-82f6-3863bb44ef7c,Prospect Park West & 8 St
66db4417-0aca-11e7-82f6-3863bb44ef7c,South St & Whitehall St
5864d88d-a0fd-40ad-beee-896118d9360d,42 St & 1 Ave
1846086263936934630,53 Ave & 94 St
1846086027713733188,90 St & 51 Ave
2206777071047128072,66 Rd & 102 St
941ea42c-47fe-4d63-a6f5-e0e200f01633,Catalpa Ave & Woodward Ave
66dd83fc-0aca-11e7-82f6-3863bb44ef7c,Van Vorst Park
66de4959-0aca-11e7-82f6-3863bb44ef7c,Clinton St & 4 Place
29a41b09-698f-43e2-82ff-f94f73e74841,41 St & 3 Ave
2018303498843153278,11 St & 43 Ave
bf317efc-13f1-42be-8243-373a29354033,E 115 St & Lexington Ave
66dea596-0aca-11e7-82f6-3863bb44ef7c,Leonard St & Maujer St
55f6b830-e43e-4227-bfc7-683465236d94,E 17 St & 2 Ave
2126225134412534550,4 Ave & 87 St
98af0e1d-ea33-4c6e-95fe-97846e81081e,76 St & 21 Ave
2206774846124309118,63 Dr & Booth St
1792225684155730482,65 Ln & Metropolitan Ave
1828969634783171152,108 St & 39 Ave
ce700c09-6095-4b20-ab65-07defdd1a7d7,31 Ave & 61 St
1828966227118051662,30 Ave & 70 St
43318169-d1ae-4a1a-9578-23cfa3fdbac9,Church Sq Park - 5 St & Park Ave
66dbec40-0aca-11e7-82f6-3863bb44ef7c,E 5 St & Ave C
66dc840f-0aca-11e7-82f6-3863bb44ef7c,E 33 St & 5 Ave
b7d7543b-74ac-4a48-a3c4-412f9ffbc727,Lenox Ave & W 133 St
1796642668661690940,Caton Ave & Argyle Rd
7bdd60e9-c0fd-40f6-aa9a-d5fa004d4fe3,21 St & 4 Ave
23bc4d9b-1ec2-45fb-9228-e41517346b24,Academy St & Nagle Ave
cac843c2-8b21-47bb-a3b9-712f95d7f7aa,Harrison Pl & Porter Ave
122111c9-9a61-4372-a756-fb2495611cb6,7 Ave & 17 St
2250947308502253974,Highland Blvd & Vermont Pl
56e18295-f760-4bf3-8aa3-5a1e4ebf606f,Bushwick Ave & McKibbin St
2206776896907975198,108 St & 66 Rd
1817432346178415570,Bedford Ave & Albemarle Rd
c4e9905f-457b-4be0-a878-2aa53fa0b09b,Hart St & Wyckoff Ave
2171904223419888148,E Gun Hill Rd & Tryon Ave
f06c01c3-fd7f-443c-a0c7-fc9233d77f6a,67 St & Erik Pl
e6b6c6e2-5fcb-47cd-8f2d-4324b7c977c8,23 Rd & 31 St
77b21502-a7a2-40b4-8f3e-f9c6c6ef0939,65 St & 35 Ave
1843486597735840252,South Railroad Ave & Broadway
e2fc6d90-8deb-4e21-961d-9d5208c1f986,E 14 St & 1 Ave
79c4a612-a5df-4814-9e6b-6305da61ebc4,Inwood Ave & W 170 St
1846086665080867236,100 St & Lewis Ave
1843486757863039016,55 Ave & 90 St
bf093f72-1d8d-44ae-91b5-e36958a27976,Page Pl & Grand Ave
66dc89ae-0aca-11e7-82f6-3863bb44ef7c,1 Ave & E 30 St
16e70b05-5b73-4930-9dcf-f79e5ce9eaf5,44 St & 3 Ave
c02864f0-2611-440b-98f4-45fddfd545fe,20 Ave & 48 St
1817433126359581672,Beverley Rd & E 49 St
d8e8d54b-be48-41c3-a27f-dfd888d8cf01,E 39 St & 2 Ave
2206780234736615936,Austin St & 70 Rd
6fefe1b3-5f0d-47aa-b1dd-cec211239950,45 St & 4 Ave
5645b05e-85be-460d-8506-cacd20bff233,36 St & 3 Ave
66880044-5411-4143-af39-eaa0a0fd0528,Park Ave & E 124 St
1846086362824884662,56 Ave & 92 St
92a51669-deec-45a9-8494-fafdf6356c51,30 Ave & 12 St
66de0933-0aca-11e7-82f6-3863bb44ef7c,3 Ave & E 100 St
66de4594-0aca-11e7-82f6-3863bb44ef7c,E 106 St & 1 Ave
66de5095-0aca-11e7-82f6-3863bb44ef7c,5 St & 6 Ave
66de1295-0aca-11e7-82f6-3863bb44ef7c,Pioneer St & Richards St
66de56e5-0aca-11e7-82f6-3863bb44ef7c,Bond St & Bergen St
aa120a3a-9f2b-4dfc-a88b-384bbb66838a,4 Ave & 17 St
1846086768160082632,99 St & 58 Ave
66de4336-0aca-11e7-82f6-3863bb44ef7c,1 Pl & Clinton St
66dd1c7f-0aca-11e7-82f6-3863bb44ef7c,Nassau Ave & Russell St
2206769710011354736,62 Dr & 97 St
fbaffdbd-dab5-4127-9bd5-36bf58093ea8,9 Ave & W 204 St
557f8d40-dec1-4c61-bd03-a0d1a6ea0e4b,Church Ave & McDonald Ave
1984510483573713186,1 Ave & E 42 St
1814907277023901890,Cortelyou Rd & Argyle Rd
0cb63737-64c9-42a9-9479-280d49ed015a,Flatbush Ave & Fenimore St
72719900-dd61-40bd-9f4a-40d70c47590c,61 St & 39 Ave
2235291837774998538,Linden Blvd & Rockaway Pkwy
66db277a-0aca-11e7-82f6-3863bb44ef7c,St James Pl & Pearl St
66de2274-0aca-11e7-82f6-3863bb44ef7c,E 78 St & 2 Ave
bacfe3c2-7946-45ed-91f9-f5b91791de75,Madison Ave & E 120 St
1817432233006383832,Rugby Rd & Beverley Rd
7f8cb36a-2bf4-4d57-afbd-331310f25355,Amsterdam Ave & W 125 St
1815967674683118258,E 49 St & Church Ave
141eb0e0-e78d-411a-a0be-202a6424cc93,River Ave & E 151 St
ff9581d3-3e1a-463a-bdab-d8150c468be2,21 St & Hoyt Ave S
f401cd5f-cb41-41f8-a857-4a4dfe778f94,Wilson Ave & Troutman St
b79c8433-9dd1-4d68-9156-7f2c2162bafe,35 St & 23 Ave
66dc7ba2-0aca-11e7-82f6-3863bb44ef7c,E 14 St & Ave B
9b721468-3b28-429d-9e13-580cdf00a6a4,Wyckoff Ave & Jefferson St
66db74a5-0aca-11e7-82f6-3863bb44ef7c,Washington Ave & Park Ave
2058728861810389252,Newark St & Washington St
1817822909864556798,23 Ave & 31 St
b1e496f1-43cf-48d0-be49-ab0d760c00bf,Fresh Pond Rd & 69 Ave
66dd18dd-0aca-11e7-82f6-3863bb44ef7c,Driggs Ave & Lorimer St
66de2a00-0aca-11e7-82f6-3863bb44ef7c,E 103 St & Lexington Ave
66dea4bf-0aca-11e7-82f6-3863bb44ef7c,Bayard St & Leonard St
66dc90d5-0aca-11e7-82f6-3863bb44ef7c,Little West St & 1 Pl
d9160982-2d9b-4f08-9469-a559a7b62809,E 13 St & Ave A
66dcf922-0aca-11e7-82f6-3863bb44ef7c,Metropolitan Ave & Meeker Ave
4d24ab76-2f4a-4004-9fc5-09c00c1d9aa4,5 Ave & 37 St
66dd4a52-0aca-11e7-82f6-3863bb44ef7c,W 67 St & Broadway
66de2131-0aca-11e7-82f6-3863bb44ef7c,5 Ave & E 103 St
ed1199e4-d9a6-4d9e-8c81-62bcd7510a11,67 Ave & Fresh Pond Rd
1862788101231526152,Broadway & W 234 St
66dd26f9-0aca-11e7-82f6-3863bb44ef7c,9 St & 44 Rd
66dc76cd-0aca-11e7-82f6-3863bb44ef7c,Henry St & Grand St
4753c1ba-a86e-431e-94fb-06403cdee4d7,Vernon Blvd & 47 Rd
66ddebce-0aca-11e7-82f6-3863bb44ef7c,E 97 St & 3 Ave
66db2e3a-0aca-11e7-82f6-3863bb44ef7c,Hudson St & Reade St
c2800791-1911-4f2b-8fc7-bed280c557c0,Church St & Worth St
1978170169761096104,108 St & 52 Ave
66db3708-0aca-11e7-82f6-3863bb44ef7c,Old Fulton St
1861683217585879154,Broadway & Van Cortlandt Park S
66db6889-0aca-11e7-82f6-3863bb44ef7c,Pike St & E Broadway
88bf1344-354f-4699-bdbd-1c2584fc41ee,Motorgate
66de2201-0aca-11e7-82f6-3863bb44ef7c,E 82 St & East End Ave
0109f17a-2378-4500-9648-88bdb31ec612,Degraw St & 3 Ave
66db447a-0aca-11e7-82f6-3863bb44ef7c,Broad St & Bridge St
66de0cab-0aca-11e7-82f6-3863bb44ef7c,Columbia St & Lorraine St
66dd4b2b-0aca-11e7-82f6-3863bb44ef7c,W 76 St & Columbus Ave
66dc10d1-0aca-11e7-82f6-3863bb44ef7c,E 7 St & Ave A
32cc1603-a4b5-4099-b7bf-681de451b04a,Walker St & Baxter St
66dbe3a2-0aca-11e7-82f6-3863bb44ef7c,John St & William St
66dbf667-0aca-11e7-82f6-3863bb44ef7c,Pearl St & Hanover Square
66db89a3-0aca-11e7-82f6-3863bb44ef7c,DeKalb Ave & Hudson Ave
7dda8844-60ba-4449-b05c-54c1d14ab5fb,Broadway & Morris St
66dbf442-0aca-11e7-82f6-3863bb44ef7c,Suffolk St & Stanton St
66de25bd-0aca-11e7-82f6-3863bb44ef7c,3 St & 3 Ave
66dc176f-0aca-11e7-82f6-3863bb44ef7c,E 4 St & 2 Ave
66dbf140-0aca-11e7-82f6-3863bb44ef7c,E 2 St & 2 Ave
bde94a25-6089-4490-af3a-8cc5702230b8,W Broadway & Spring St
ca843847-923a-40b7-80ca-c1c3fff6e818,Macombs Rd & W 175 St
d73e26de-8534-4b46-a321-3cae295ef9b2,W 171 St & St Nicholas Ave
e9575102-1081-4c30-8d15-ea95913579e2,Bergen St & Buffalo Ave
44fa161f-eb62-459b-b53e-da83788cfa2a,Convent Ave & W 135 St
191d5d54-de64-4312-99c7-eee141efa4ef,Valentine Ave & E 183 St
66dcbac5-0aca-11e7-82f6-3863bb44ef7c,Lewis Ave & Decatur St
26217b73-7bb5-46e6-8094-1db05becd617,Amsterdam Ave & W 156 St
03872f6b-a522-4c41-a4f2-5d0c41779e7b,St Marks Ave & Ralph Ave
1880643915885220532,Eastern Pkwy & Franklin Ave (SW Corner)
e982e1cb-7e7b-4769-85b8-565925200654,Chauncey St & Stuyvesant Ave
e2b28abd-07a4-4552-ad17-abf155aff28a,44 St & 48 Ave
66dea6e1-0aca-11e7-82f6-3863bb44ef7c,E 58 St & Madison Ave
d33261e6-600e-4756-ad03-a9facbd8ace1,33 St & Queens Blvd
1838617691511229014,81 St & 35 Ave
91ca68bd-5ac1-470b-a26d-1ec98ea9cca4,Crescent St & 34 Ave
b90574d1-e9e7-45be-8adb-e38cb285fea5,Carroll St & Franklin Ave
ab79da3d-f92a-42de-a76d-e05b5d7e724c,Broadway & W 153 St
88c1303b-3349-4591-bf08-c7e40cf3537a,Hudson Blvd W & W 36 St
fffb18be-14b3-412f-a808-107a98cd9e58,E 182 St & Morris Ave
c6c10756-ef41-491a-8e6c-ee0aa27b8cbe,W 159 St & Edgecombe Ave
1891277309535701686,Warren St & Roosevelt Ave
36aaebb9-ef10-41a5-b20b-753bf8a3fed8,W 163 St & Edgecombe Ave
912813fc-fde4-4430-8443-a4fa21477e7f,Broadway & W 165 St
bc9c9006-3d40-400d-8b5c-17f56e6dfcee,Amsterdam Ave & W 162 St
545a32d3-b74c-4dc2-b82c-a6d185dd4666,Sheridan Ave & E 168 St
c45aa693-fedd-478f-ade9-bf176c4e32ff,Crown St & Troy Ave
8e631be4-1e0c-4627-a261-18f0003d0ba2,W 116 St & Broadway
1869753340438110380,Southern Blvd & E 187 St
66de3fde-0aca-11e7-82f6-3863bb44ef7c,Cathedral Pkwy & Broadway
101c813e-02a8-4b6b-bd5d-981c1ea62019,Pacific St & Thomas S. Boyland St
2b33334b-243c-4a16-a6d2-32304c8884f1,Popham Ave & W 174 St
901cab1a-a77e-424e-b602-16883e792f93,Pacific St & Ralph Ave
1857217122161783302,111 St & 49 Ave
a6287af0-9a9e-4708-b61f-8e758be4b914,31 Ave & Crescent St
1e226f22-034f-4b99-8184-a8eaa591fbd8,E 44 St & Lexington Ave
1835249197527877718,100 St & 37 Ave
0b857ee5-3d10-4152-952e-95fbaf06677a,59 St & 5 Ave
66dd6721-0aca-11e7-82f6-3863bb44ef7c,Newport PATH
5aa81a37-ea1d-4bf6-ab40-4751c6b4fb08,Fairmount Ave
1960019951675478680,W 90 St & Amsterdam Ave
6fab98b7-b06a-49d8-a4d1-087ffce0ebcf,Boston Rd & Prospect Ave
fda18503-7488-4b91-b74c-949a90401e83,39 St & 50 Ave
0138452a-b9f4-4aee-80b0-7fae9a122ffe,E 54 St & 1 Ave
c2bb1874-bcb7-47c5-aa7d-05423b9087e8,Sterling Pl & New York Ave
a724eb92-55ca-4b9f-9a87-c2e87b3cbd40,W Tremont Ave & Grand Ave
94bcf812-5cff-460c-841f-54876ed1e7a4,Schenectady Ave & Prospect Pl
66dd4ac1-0aca-11e7-82f6-3863bb44ef7c,Central Park W & W 76 St
fda0c217-9504-4b26-8a25-e40b603ee5fa,Nelson Ave & W 172 St
0c106e83-c47a-4233-b5e4-62bbb75d0bed,Fulton Ave & E 168 St
632b140c-65de-4f50-9cc2-c001ae011aea,E 51 St & 2 Ave
1860188907884823208,E 180 St & Monterey Ave
db29242d-6ff3-4e22-85fe-45fa3d03ec39,48 St & 50 Ave
b94d0241-bce7-44a9-ab1c-ece0740a4134,21 St & 36 Ave
2177017749848514898,Riverdale Ave & W 261 St
026fd07d-d810-45dc-9237-a3d84dce4fa9,Bergen St & Mother Gaston Blvd
8ce7325e-d5c7-46f9-9b73-95356e48c3eb,Longwood Ave & Southern Blvd
daaa3ac1-594c-48d2-9431-a8ced305ed5a,69 St & 43 Ave
b1f3eb8c-07f9-479f-a8ab-f04e094bc7d0,Columbus Pl & Atlantic Ave
05969d95-8a64-4007-abf1-afb847f2d426,E 163 St & Union Ave
324e55da-fec0-43a2-b622-27774381ab7f,Amsterdam Ave & W 131 St
05d03a63-b5f2-40d9-9a3d-d2fe666a307f,College Ave & E 170 St
32d3adc3-c3dd-4a97-a4db-95d467f3c3aa,Broadway & W 122 St
0e8bfd72-c494-4d3e-85e2-4f98b801fe3b,Sterling Pl & Schenectady Ave
1828968327357059242,85 St & Northern Blvd
18b19467-28ac-4496-b3e4-f6028b1c5105,Putnam Ave & Knickerbocker Ave
c80c55c4-d623-42d7-8acf-6bfa68a84ecb,3 Ave & E 169 St
bb6bba3f-19a0-4ebb-a454-4ac678d9d62d,St Johns Pl & Utica Ave
cd72b9da-b7c6-4785-92b5-0fb2130f0d7b,University Ave & Brandt Pl
8f1fdf4b-ecca-4f03-b04c-e10fe596e2c7,St Nicholas Ave & W 150 St
e3e6105e-eaa2-43c5-badb-fb8592ad7227,43 St & 35 Ave
1869439561831725810,Nostrand Ave & Flushing Ave
88ee054e-bdeb-4305-8f3b-76eb964f2c84,Jefferson Ave & Evergreen Ave
19002a4c-3229-450b-ad69-76948696e60d,E 167 St & Franklin Ave
74e104fb-1ddc-4f3e-a60b-220b6c4f300b,Madison St & Cypress Ave
e71d152c-c2df-4d3e-a9af-139f2529bac6,E 149 St & Eagle Ave
398ebef6-dcc2-4305-b1d2-47efafdaa85c,Sterling Pl & Rochester Ave
2108372356498784942,Garfield Light Rail
37a37e5b-f975-4f92-a897-dca8e4670631,46 St & 28 Ave
7380e377-936d-47d7-8abe-0f666d47465e,W 170 St & University Ave
fea72f55-d296-47af-9446-149688dcccbd,Franklin Ave & E 169 St
679dcf08-d88c-4d1b-b81d-fe9f4aabbff7,Broadway & Madison St
4a4c7548-2466-48ef-8d7e-0aa4d6acb69e,Somers St & Rockaway Ave
1d167807-0aa8-413a-b7a0-01c2ca8a6a60,Kingston Ave & Park Pl
3c8847a6-c12a-40fd-9b22-4582ac1a0d9d,Central Ave & Decatur St
1893622839585237496,2 Ave & E 31 St
ba0a4ada-c9f6-48b4-a7b3-7220f6fb88c2,Grand Concourse & E 171 St
74feba30-26a5-4949-b3a0-d6e13ba1a20c,Engert Ave & McGuinness Blvd
2171902875345687974,Perry Ave & E 204 St
66dc210e-0aca-11e7-82f6-3863bb44ef7c,E 51 St & 1 Ave
d5d2aebc-158c-43ec-9105-2a779d0245d8,Sterling Pl & Ralph Ave
537a2f47-26a3-4776-ba9d-e2acd2ffbee1,City Hall - Washington St & 1 St
66dd9183-0aca-11e7-82f6-3863bb44ef7c,Baldwin at Montgomery
66dd58f2-0aca-11e7-82f6-3863bb44ef7c,Paulus Hook
1799624430022654108,Dwight St & Dikeman St
3db799ba-b574-4e5f-95e5-c767bec2acb6,Melrose Ave & E 150 St
b96507c5-7c90-499d-9c45-58f25d6f636a,Shakespeare Ave & W 169 St
1814906873296976512,Albemarle Rd & E 21 St
c042a307-2d7d-4ee9-95b7-a7505a3428c2,W 56 St & 8 Ave
b9deb521-41b6-4f8a-ac78-0e58e3977f2c,Stuyvesant Ave & Hart St
2004153375425087884,W 51 St & 7 Ave
833bc8bc-3c32-4481-9c14-9a88aa7accec,W 36 St & 9 Ave
876683ce-9bce-4fad-8d1c-6b331fa07b5c,Gramercy Park N & Gramercy Park E
653ba606-f397-41e6-adc4-f775bf2d0c9f,Herkimer St & New York Ave
1797078913880883846,60 Pl & Bleecker St
1835244925191295588,95 St & 35 Ave
eab2749b-2f79-4797-a0a6-0579b27e6929,12 Ave & W 125 St
f47c7f15-1c30-4199-a09f-134f0f0f684b,Lafayette Ave & Stuyvesant Ave
c63a83a0-bda1-40a6-835b-f82c363543b9,E 128 St & Madison Ave
ca5cc034-a95d-446e-8314-6691589886b1,60 Ave & Fresh Pond Rd
b35ba3c0-d3e8-4b1a-b63b-73a7bb518c9e,Irving Ave & Palmetto St
a3d72b5b-9587-4f33-9722-c01e20a9b358,Bushwick Ave & Dekalb Ave
0dd71c6d-11ee-4ad4-ba99-36b9ad36112c,St Marks Ave & Thomas S. Boyland St
1d32e684-602b-46b6-8c96-ab47b57a03f3,Grand Ave & Bergen St
44c23eaa-7ddf-40b3-8373-6f3880c5e1b1,Washington Ave & E 174 St
2123939077451327830,Ovington Ave & 3 Ave
c7ffe3fa-9cd6-4d35-9060-7d5822381442,E 20 St & FDR Dr
1877653505745721834,74 St & Woodside Ave
ca4e4962-2169-4559-8f60-b05ab7809750,Frederick Douglass Blvd & W 115 St
1861271680294357158,DeKalb Ave & S Portland Ave
1843486464469891376,76 St & 45 Ave
2252359266241952490,Manhattan Ave & Commercial St
49d2cd03-f508-483f-a7c9-7fd450e5e6db,21 St & 38 Ave
3bf91ca1-14fd-4e51-858e-36a203f1af2a,Grove St & Fresh Pond Rd
2126274178538511162,Ridge Blvd & 89 St
66dbc860-0aca-11e7-82f6-3863bb44ef7c,E 11 St & Broadway
081d243e-d75e-4e2a-bdae-a990b2397532,Lewis Ave & Greene Ave
ebae0b66-e463-4ded-9b7a-43c0aca9b37a,Morris Ave & E 142 St
816e50eb-dc4b-47dc-b773-154e2020cb0d,52 St & 6 Ave
1840540852548303628,Butler St & 27 Ave
807e9f5a-49b6-4b7e-847b-4a60cff330ed,Linden St & Knickerbocker Ave
66dc8a3d-0aca-11e7-82f6-3863bb44ef7c,Lexington Ave & E 24 St
2124381939991318658,73 St & Ridge Blvd
1854537815365165328,39 Ave & 99 St
2235292542386579228,Pitkin Ave & Watkins St
1862759079900600428,University Ave & Morton Pl
284b08f2-3d26-4f52-9463-25e4a07c16f7,Underhill Ave & Pacific St
4dcff9e7-7cb6-4d3d-ad67-c2e4c05933d3,E 156 St & Courtlandt Ave
2026068766494475116,Montague St & Hicks St
9341ee1c-d456-4858-a451-70cbbd73d084,Bushwick Ave & Furman Ave
2126224759932600578,70 St & Ridge Blvd
66dbef85-0aca-11e7-82f6-3863bb44ef7c,Lafayette Ave & St James Pl
2a9e2320-083d-4044-aedf-0c15ecfefe61,Van Buren St & Broadway
6661108f-28eb-4671-ad0c-36a311d325aa,Rogers Pl & E 165 St
138094a0-cd7d-4014-9b21-4fb2afd3980e,Adam Clayton Powell Blvd & W 118 St
1835249854657874848,31 Ave & 103 St
3a51a25f-3e9b-4aea-84ee-39e9a3acc7fd,Rogers Ave & Lincoln Rd
a7a175ff-8ffb-477c-a40b-6d47ce92305d,Willow Ave & E 133 St
fcb1c3a3-04b6-45cf-bc9a-deb71198804e,Jerome Ave & W 184 St
7478be11-37d8-49b1-a253-f0810045f6ff,7 St & Monroe St
2177016940364559212,David Sheridan Plaza & Broadway
24509e46-a0de-47e8-ba40-9441da68952a,Fort Washington Ave & W 190 St
e9b3a725-6963-4151-8f7f-9beeb51fa20f,Menahan St & Seneca Ave
579e583e-60ab-4f2a-83d0-fabebddfcd0f,Broadway & Ellwood St
62f8f806-bd04-4282-9c5d-ad4293644e3c,E Tremont Ave & E 176 St
9719498d-bd5c-4424-86ac-dfe0795c57d1,34 Ave & 45 St
66dbe7b6-0aca-11e7-82f6-3863bb44ef7c,E 55 St & 2 Ave
2171902770580328596,E 204 St & Webster Ave
66db30e0-0aca-11e7-82f6-3863bb44ef7c,E 40 St & 5 Ave
0f51cb84-e386-44ac-947f-a969f7617d17,W 111 St & 5 Ave
00284700-9d22-42ce-8485-113fed9879c1,28 Ave & 44 St
2250948845387784168,Bradford St & Liberty Ave
2126224876714496782,Shore Rd & 74 St
a7c09fde-76e8-4a56-b61d-8ca940432efd,Centre St & Seneca Ave
2235292831092573154,Powell St & Belmont Ave
dfb8b9c8-3006-4b76-963a-95f7471dc0a8,Dahill Rd & 12 Ave
2171903488884523500,Hull Ave & E 209 St
2252359470927034588,Bedford Ave & Lenox Rd
b713367c-3572-4225-b74a-9319ab537838,Sedgwick Ave & Hall of Fame Terrace
2124036994734951288,Shore Rd & 86 St
1846085734612252774,98 St & 41 Ave
2124037250266884686,Colonial Rd & 89 St
66dde197-0aca-11e7-82f6-3863bb44ef7c,W 87 St & Amsterdam Ave
bbb48e80-7d2f-4b3c-bb8c-591bc931945a,Albemarle Rd & McDonald Ave
1835247352748090208,Jackson Mill Rd & 24 Ave
40042fb4-6ddd-4f74-bb52-5af3e4e08c8d,Coffey St & Ferris St
89171660-8cef-443f-8f75-67503532d1ce,E 161 St & Park Ave
f6cf3ecc-b3ad-4291-8c24-277f28f64ba1,Wyckoff Ave & Stanhope St
1a92d2d3-ddf1-4f34-b28c-ce7a064b9a3e,65 Pl & Central Ave
5faf99b8-9046-450f-9d2a-d13279b3d016,Hoboken Ave at Monmouth St
640a9a95-194f-42f5-8d88-1df67129f388,E 171 St & 3 Ave
66de2707-0aca-11e7-82f6-3863bb44ef7c,E 65 St & 2 Ave
66dbca0f-0aca-11e7-82f6-3863bb44ef7c,William St & Pine St
dad3b7df-ec40-4d54-bfdb-5e82be84d742,Frederick Douglass Blvd & W 139 St
7dcc5a03-5997-4250-9207-fa8b6f027c86,Somers St & Broadway
66dca6f4-0aca-11e7-82f6-3863bb44ef7c,E 60 St & York Ave
2171902607371571344,Hull Ave & E Mosholu Pkwy N
66dc8d1d-0aca-11e7-82f6-3863bb44ef7c,E 30 St & Park Ave S
3fed8016-0be0-47f5-8663-2e850ec47288,Bailey Ave & W 193 St
454fe70c-1d53-4af2-a9ea-1d4bd9f59799,Jerome Ave & E 198 St
2250949610604724656,Pitkin Ave & Van Siclen Ave
66dd7cab-0aca-11e7-82f6-3863bb44ef7c,Hilltop
c7604869-5b55-40cf-812e-fc97901bdf14,Kent Ave & Division Ave
2235290764033174460,Blake Ave & Herzl St
e6c2a46e-431a-4101-af84-870f660ff4cb,E 27 St & Park Ave S
2126623199408050430,Colonial Rd & 83 St
d34f2271-10ee-40c3-a93a-09df58860512,61 St & 60 Ln
a8560d28-9ee1-4af4-9180-7e9c4dd0d147,E 153 St & E 157 St
724aeecc-8c91-4afc-b97c-72a98de452c9,Marion Ave & Mosholu Pkwy
2235288274439545588,E 95 St & Rutland Rd
2235290873630129496,Dumont Ave & Thomas S. Boyland St
3c6c0d12-80dd-4c49-b7c5-e3549588b8cf,W 218 St & Broadway
2a47ef14-1cbe-4ec6-841d-cc277627fe20,Fulton St & Waverly Ave
66de871c-0aca-11e7-82f6-3863bb44ef7c,Riverside Dr & W 91 St
c36cfa58-29fe-4c0c-a14f-41c3463487fd,40 Ave & Crescent St
2178532501993068690,Vyse Ave & Boston Rd
2235289471248018296,Kings Hwy & E 98 St
2132211694027383298,Fort Hamilton Pkwy & 92 St
29223935-a682-411c-9f25-577bbb9804fc,Knickerbocker Ave & Thames St
66dce567-0aca-11e7-82f6-3863bb44ef7c,McKibbin St & Manhattan Ave
1828967027013302842,81 St & 24 Ave
1d130e43-0408-4423-bb52-77a08372cefa,5 Ave & W 126 St
7a8b474b-7577-4316-a192-d57576d194a3,Woodside Ave & 60 St
2098714441479661752,Clinton St & Grand St
ecc52c52-e2d9-4e73-8f9c-18ad8e9b0606,Schenectady Ave & President St
1906248765431831024,82 St & Broadway
66dc0c53-0aca-11e7-82f6-3863bb44ef7c,Carlton Ave & Park Ave
1861681740276243358,Irwin Ave & W 232 St
66db90f1-0aca-11e7-82f6-3863bb44ef7c,Reade St & Broadway
66dd7fe2-0aca-11e7-82f6-3863bb44ef7c,Brunswick St
2126623765785393224,89 St & 3 Ave
3d68a3fd-91da-49e8-9cd5-69b333863789,Nagle Ave & Ellwood St
ab6aadd8-fa45-43aa-abea-c8e01ec5a0c8,Stagg St & Morgan Ave
4d4a3e7b-1005-4bfd-8680-340a20cacbee,Vernon Blvd & 31 Ave
1845677022981917240,E 19 St & Beverley Rd
ebce9ecb-9678-4c42-89d7-08e54bc6fe90,Faile St & Garrison Ave
a23a40c3-6da5-4b0f-bb6b-8bfc01ec2261,E 155 St & Courtlandt Ave
2208187041057701258,Park Pl & Franklin Ave
2868db5b-df51-4c36-8515-ef77a5b092c2,Irving Ave & Jefferson St
04d557d6-6bc3-4244-b0f1-81ed1449ccd6,Goulden Ave & W 205 St
2124037775602344266,4 Ave & 99 St
2119506830683992262,Varick St & Watts St
6076e321-85d8-4e0e-ae18-86bb8cbbda1b,Featherbed Ln & Jerome Ave
1899178885660253096,Borden Ave & 25 St
b62bcd96-c2db-447c-bdd5-d3c18f174858,Grand Ave & 55 St
5cb3a92d-f284-477c-bf63-ea72d24e8a7d,W 225 St & Exterior St
66dccd65-0aca-11e7-82f6-3863bb44ef7c,Broadway & Whipple St
8dfff4bd-0f3c-43af-bc55-a63850f66c6b,Sands St Gate
66dddae7-0aca-11e7-82f6-3863bb44ef7c,Manila & 1st
66dde76a-0aca-11e7-82f6-3863bb44ef7c,E 98 St & Park Ave
e152a2e1-c510-404e-a100-24246bb6cc95,8 St & Astoria Blvd
1854538962214948918,Martense Ave & 108 St
75352ab4-8a31-4926-8b59-048a9e506452,Central Ave & Melrose St
65a1b09d-560d-46bf-8f5d-7f59471a587e,Adam Clayton Powell Blvd & W 138 St
9ac5758f-0419-4e28-8387-6bcd28db17fa,E 141 St & St Ann's Ave
55146e49-9bc4-4f13-bdf7-25422342b638,Waterloo Pl & Crotona Park East
66dc9068-0aca-11e7-82f6-3863bb44ef7c,Central Park S & 6 Ave
2123940513700131194,4 Ave & 81 St
ecb2eebe-67c0-43b8-baae-71abb1a0ec6a,W 135 St & Lenox Terrace Pl
1879828885264130640,Pitkin Ave & Grafton St
66dc7802-0aca-11e7-82f6-3863bb44ef7c,1 Ave & E 16 St
1d440638-ec50-4ccb-9a82-0e3247a87c63,8 Ave & W 24 St
2123939242997647892,Colonial Rd & 68 St
0e3dedfb-df10-4900-a67b-95349a81bc5c,N 11 St & Kent Ave
d89dc10f-9be3-45a5-9c3c-06c04c963436,Flushing Ave & Woodward Ave
f681f980-185d-45b9-8490-bb2606624dd4,Goulden Ave & Bedford Park Blvd
2235288981858690806,Lenox Rd & Remsen Ave
66de59bd-0aca-11e7-82f6-3863bb44ef7c,Wyckoff St & 3 Ave
fe65853e-b20a-4250-9677-2aa177283b72,Lenox Ave & W 144 St
dadd2084-d844-46f5-b7a4-128d31eeba8e,Aqueduct Ave & North St
d6834194-029d-4e2d-83b0-ee78ab5acda2,29 St & 5 Ave
1815968026870435892,Brooklyn Ave & Snyder Ave
158e7752-27e2-4912-be0b-eb15405aa096,10 Ave & W 215 St
d5d589e6-457f-4cd4-bf78-59165dce28b2,Irving Ave & DeKalb Ave
9e9acfaf-0bbf-4bc2-a825-b2befb6bee55,8 Ave & W 27 St
66dbf73d-0aca-11e7-82f6-3863bb44ef7c,Barclay St & Church St
1845676917264180046,Snyder Ave & Schenectady Ave
606c7384-75e9-4988-858a-07b88b3a9413,Calyer St & Jewel St
1856767361963389606,Van Cleef St & 108 St
1817803079955479336,Parkside Ave & Parade Pl
7f402242-dc1b-4a48-ba21-58c4fa7216b4,53 Ave & 62 St
66de110b-0aca-11e7-82f6-3863bb44ef7c,Berkeley Pl & 6 Ave
f3b359e2-7983-4aaf-b6b0-e3b7d30816a4,George St & Wilson Ave
eb8fcff2-6f58-4724-b564-ebc9a8d374d8,Clarkson Ave & Utica Ave
1859811213834095332,111 St & 53 Ave
e666a344-1afb-4512-b2e9-2fc5ed71be2b,31 St & Ditmars Blvd
66db69d0-0aca-11e7-82f6-3863bb44ef7c,3 Ave & Schermerhorn St
66ddee56-0aca-11e7-82f6-3863bb44ef7c,Henry St & Degraw St
a33a2d11-33a5-46ad-a086-5698ac17b7b4,Nagle Ave & Thayer St
023127f2-a6e0-4fae-ba34-178acccb993e,5 Ave & E 135 St
66db3fc9-0aca-11e7-82f6-3863bb44ef7c,Perry St & Bleecker St
0efa08a3-1c38-48fe-ab37-8c9b72b20126,30 St & 4 Ave
cd2d9dab-7708-4685-a56f-9412c738de7e,Rutland Rd & E 45 St
1814907423052790164,E 16 St & Cortelyou Rd
66de43a5-0aca-11e7-82f6-3863bb44ef7c,E 106 St & Madison Ave
2235290968119410012,Livonia Ave & Saratoga Ave
989fdf95-cfb9-475c-ba0c-3152fd3a16e0,McDonald Ave & Vanderbilt St
1861680889400379678,W 233 St & Albany Crescent
6ae35aa8-644e-4b2c-b6a4-6570192f78ab,Davidson Ave & W Burnside Ave
ace80a8c-6196-484e-8dd0-061e3c90389b,Broadway & Furman Ave
e15a5c77-70b0-4b9d-9eae-f10ddda7d994,Jerome Ave & E Mosholu Pkwy S
1823008749757202820,Clarkson Ave & Troy Ave
66db6cd4-0aca-11e7-82f6-3863bb44ef7c,Ave D & E 3 St
66db3583-0aca-11e7-82f6-3863bb44ef7c,Liberty St & Broadway
1817432709747753390,Church Ave & E 42 St
1860188069348460678,Boston Rd & E 178 St
1849008925260421550,Queens Blvd & Albion Ave
8456b63c-37c6-49a6-8c02-bb6dcfc35041,Seaman Ave & Isham St
c56739c2-b310-4d73-ab0e-b6036abd9561,Broadway & 49 St
1817432104157364846,Troy Ave & Linden Blvd
1846085927885781554,Corona Ave & 90 St
1817627670084542818,Rogers Ave & Lenox Rd
1861682182353914188,W 238 St & Tibbett Ave
3e1bdcec-e762-4e83-b447-007f05923cce,19 St & 24 Ave
1814906692908349788,E 17 St & Beverley Rd
66dd1d9c-0aca-11e7-82f6-3863bb44ef7c,Meserole Ave & Manhattan Ave
1856847127505992556,Roosevelt Ave & 104 St
66de2771-0aca-11e7-82f6-3863bb44ef7c,Carroll St & Bond St
668ef22c-4665-4f42-bf6a-ab9e8a2899b1,Mt Morris Park W & W 120 St
160e21da-6dd2-47ff-8385-e13c8cdce4fa,57 St & 1 Ave
1dba415a-2c46-419e-838d-7e068b8d7d6f,47 St & 3 Ave
2025623258130320038,34 Ave & 38 St
f3525aa7-9d69-4ea2-9278-4df92db1afa1,Prospect Ave & Vanderbilt St
1917312704757770810,1 Ave & E 38 St
3f05490b-a3d8-4d15-bd25-0212555b5dff,Fort Hamilton Pkwy & E 5 St
1950648049868542106,Bainbridge Ave & E 193 St
a2cf5872-bd4c-4311-832e-d62fd779ecc3,Parkside Ave & Flatbush Ave
66de186f-0aca-11e7-82f6-3863bb44ef7c,E 102 St & 1 Ave
1851999409149780880,Church Ave & E 45 St
72796825-88b1-43a0-bb6d-2b41d337b1fc,27 St & Hunter St
66dbecd0-0aca-11e7-82f6-3863bb44ef7c,E 9 St & Ave C
66de4c32-0aca-11e7-82f6-3863bb44ef7c,7 St & 3 Ave
2252359670597794212,Clinton St & Bay St
11a8d465-b4eb-466b-a6ca-055f73994231,Lincoln Ave & E 138 St
81bec993-29a5-4e70-8f60-eecdf16c7be4,Railroad Ave & Kay Ave
66dd20eb-0aca-11e7-82f6-3863bb44ef7c,Huron St & Franklin St
1869851741257474316,3 Ave & E 189 St
66dd0808-0aca-11e7-82f6-3863bb44ef7c,Graham Ave & Herbert St
403c310e-26d5-4db5-9928-13c38b25053d,7 Ave & 22 St
1831178352265562334,Ocean Ave & Crooke Ave
5d101095-011e-4541-ae64-bed8b52807b3,7 Ave & 62 St
c00ef46d-fcde-48e2-afbd-0fb595fe3fa7,South St & Broad St
582cd775-0178-47f5-b707-6d5869f077ba,Willoughby St & Ashland Pl
2206782596968628766,78 Ave & Queens Blvd S
6969d756-33a6-4a0b-83d0-3db38bc382d1,53 St & 2 Ave
66dd4d70-0aca-11e7-82f6-3863bb44ef7c,Riverside Dr & W 72 St
66db269c-0aca-11e7-82f6-3863bb44ef7c,Franklin St & W Broadway
66dd491c-0aca-11e7-82f6-3863bb44ef7c,E 72 St & York Ave
66de4f9c-0aca-11e7-82f6-3863bb44ef7c,4 Ave & 9 St
b516fedb-3ced-4683-8c17-7e5f6dadf04d,Congress St & Hicks St
47bcbcc1-9241-4e65-99f1-07c15543be1b,Fulton St & Irving Pl
d55dd622-0ced-4e4d-9ea5-2ef2cb6481a9,South St & Pike St
e73cf71b-db05-44f9-b57a-689d65320d68,E 118 St & 3 Ave
66de5a47-0aca-11e7-82f6-3863bb44ef7c,Bergen St & Flatbush Ave
348c5e65-cbc3-4da6-9856-fc253a0ba546,E 13 St & 2 Ave
66db402c-0aca-11e7-82f6-3863bb44ef7c,Laight St & Hudson St
1794096824496960148,South End Ave & Albany St
66de6346-0aca-11e7-82f6-3863bb44ef7c,Hoyt St & Warren St
1786687245202023014,Greenpoint Ave & West St
66db479e-0aca-11e7-82f6-3863bb44ef7c,Howard St & Lafayette St
66de6100-0aca-11e7-82f6-3863bb44ef7c,Douglass St & 3 Ave
7e36cd9b-b271-42e5-b344-b7a3771c795e,Lenox Ave & W 126 St
66de1a1f-0aca-11e7-82f6-3863bb44ef7c,E 66 St & Madison Ave
66dd1846-0aca-11e7-82f6-3863bb44ef7c,N 12 St & Bedford Ave
66db4282-0aca-11e7-82f6-3863bb44ef7c,W 11 St & 6 Ave
d1138533-504c-4d29-b71c-299e1d31f159,4 Ave & 3 St
66dde103-0aca-11e7-82f6-3863bb44ef7c,E 88 St & Park Ave
053312f2-e77e-4674-b28b-ad357fbcb4ee,8 Ave & W 49 St
66dbc745-0aca-11e7-82f6-3863bb44ef7c,Bayard St & Baxter St
f8c1c90f-4ec0-44bd-b097-cfafc887744d,Nassau St & Duffield St
1813395029173762108,E 94 St & Madison Ave
66dd448f-0aca-11e7-82f6-3863bb44ef7c,E 84 St & Park Ave
66dd9b0f-0aca-11e7-82f6-3863bb44ef7c,E 67 St & Park Ave
549b5bc4-b949-4eeb-8ffb-2215e1e49892,Morton St & Greenwich St
66db6f2e-0aca-11e7-82f6-3863bb44ef7c,Canal St & Rutgers St
3299ff79-36aa-42ef-b7f1-c40e95c8f570,24 Ave & 29 St
66db8d89-0aca-11e7-82f6-3863bb44ef7c,Vesey Pl & River Terrace
063e7e78-b810-4a2f-8045-a82a0d69d752,Orchard St & Grand St
00d3e65e-b614-4408-aaa9-939ed96ce645,Perry St & Greenwich Ave
66dd470b-0aca-11e7-82f6-3863bb44ef7c,E 81 St & York Ave
c5861c24-5ac1-41df-82f1-31748d03e868,W 30 St & 8 Ave
d8778570-f7f2-458d-82f5-9ad39210a501,E 5 St & Cooper Sq
3eed817a-63e5-424b-8ed3-c809db5488f7,Pearl St & York St
66dbcbbc-0aca-11e7-82f6-3863bb44ef7c,West Thames St
66dbce8a-0aca-11e7-82f6-3863bb44ef7c,Carmine St & 6 Ave
68827e5f-ed28-45de-99bf-66093a8c504f,Park Pl & Utica Ave
66dcc047-0aca-11e7-82f6-3863bb44ef7c,Lewis Ave & Madison St
1431ec5c-242d-401b-b672-dbf95155999b,Townsend Ave & E 175 St
311269f4-53dc-4f83-b26b-ecb6e8e160ed,Monroe St & Marcus Garvey Blvd
d873e463-2dc9-4bf8-86c7-fea8ddaa3a9f,Washington Ave & E 167 St
66dd1b65-0aca-11e7-82f6-3863bb44ef7c,Driggs Ave & N Henry St
3893eeef-06a8-47b1-95f2-a85454f7d5c9,Bergen St & Troy Ave
e3470e29-934c-41f1-8fe7-82135ed2d620,W 33 St & 10 Ave
5b4a90b8-426d-4a40-a7ca-87e51d690883,W 113 St & Broadway
55a4dc76-d839-4e06-9bf4-2f343391343c,Woodward Ave & Harman St
1d3a8670-09b3-4127-b750-af5311e565f0,Mount Eden Pkwy & Eastburn Ave
6fd61eee-d0ef-4580-9704-bd06b82bcb61,E 56 St & Madison Ave
475c44e1-31e3-4c60-b071-af2ca3f7618c,Prospect Pl & Nostrand Ave
62b97c1e-9d06-4c5e-b9c3-d76099e37fe4,Prospect Pl & Vanderbilt Ave
1859438049977968878,Broadway & W 157 St
7cb65297-c880-459a-b054-4e059576c02a,50 St & 7 Ave
b7df61c0-8ead-46cb-9d6e-a6a3011ffb71,31 Ave & Steinway St
01b7973e-c92e-4fbe-890e-2c24de33ce0e,Macon St & Patchen Ave
2250950310631993874,Blake Ave & Hinsdale St
2127386446510160022,Valentine Ave & E 198 St
bb32aad7-8308-4ff8-b073-d5b518ffdd09,W 120 St & Claremont Ave
66db29e6-0aca-11e7-82f6-3863bb44ef7c,Lexington Ave & Classon Ave
cae4f2f4-9642-474c-95cc-6cc07592f120,31 St & Newtown Ave
66dcc3e5-0aca-11e7-82f6-3863bb44ef7c,Kosciuszko St & Nostrand Ave
ee70b21e-4a95-4bdf-802c-50f83a76971d,Cedar St & Evergreen Ave
66dd836d-0aca-11e7-82f6-3863bb44ef7c,Christ Hospital
1859088223746072684,Verona Pl & Fulton St
66dc17df-0aca-11e7-82f6-3863bb44ef7c,E 45 St & 3 Ave
1965202298784063998,Lafayette Ave & Franklin Ave
581bc4fe-cf14-4767-8377-6fa156ff8a29,Morris Ave & E 153 St
50575cba-95ac-4134-9da1-3eec8253afc4,Central Park W & W 85 St
3ff00115-e8da-4326-97d3-7bf4fe4df7a5,Macon St & Howard Ave
b64eb0a5-d6d4-4f45-8c9a-e2d004819c99,34 Ave & 31 St
9d23b0e9-a478-407c-a0e0-0aff1b0398fc,Forest Ave & Summerfield St
66dc21d4-0aca-11e7-82f6-3863bb44ef7c,E 53 St & Madison Ave
85b77b8d-32b8-4049-a407-64319916e2c5,Amsterdam Ave & W 152 St
141ba25c-f4ea-4cec-ae7e-022401e23087,Norman St & Wyckoff Ave
1d977221-b2b5-4fa2-bba0-b00136834fb3,River Ave & McClellan St
1d8e51b0-8131-4c1f-93fb-f04952c157c0,W 146 St & Broadway
77a498ea-5693-46cc-a4b1-6e428f574797,E 149 St & Park Ave
66dcca76-0aca-11e7-82f6-3863bb44ef7c,Nostrand Ave & Myrtle Ave
05c5e17c-7aa9-49b7-9da3-9db4858ec1fc,W 35 St & 9 Ave
44a43ebf-cacf-4251-9ceb-e1c331ef1673,62 St & 4 Ave
1864605926072998676,Sedgwick Ave & Giles Pl
f417d8da-0f15-49b0-9e3c-3c3e55c2691d,11 St & Washington St
00967b8f-1a4d-4131-a65a-17fa8ca89e28,41 Ave & 67 St
a82cc641-0926-4a63-b488-7060ab7dcd74,43 Ave & 47 St
55ccb271-7035-422e-bee1-20e84caa0217,W 20 St & 10 Ave
1945125910957847430,Marcy Ave & Hart St
8a13182a-4823-4fe7-afcd-a4ef0b134ed9,Clay Ave & E 173 St
eafa19ed-88c2-4efc-bd73-3961f85b6063,W 13 St & 5 Ave
1064b4b0-e9c8-4139-ac48-f118305dbe69,W 144 St & Adam Clayton Powell Blvd
1786696384892428996,Monitor St & Meeker Ave
82dd89f6-1e5a-4a8f-8660-13cb64349e94,Boone Ave & E 172 St
66de5e5b-0aca-11e7-82f6-3863bb44ef7c,Plaza St West & Flatbush Ave
8f9ce302-2a6d-443c-8fe0-625b20021ea2,Brevoort Pl & Bedford Ave
2229057967489558016,Bruckner Blvd & Faile St
09a0c507-7cda-4f3f-9988-78de0baa28e4,Grand Concourse & E 156 St
676b7b4d-b1c0-4c97-8ac3-5fe665e51108,Harlem River Dr & W 155 St
2177015776583073844,W 237 St & Hudson Manor Terrace
c0f952d9-538e-4836-b936-fa97123cbf13,Knickerbocker Ave & Halsey St
b1cdec34-d4f9-4313-be82-729bb9f7bb18,MacDonough St & Malcolm X Blvd
47da6ab2-c841-4f2d-97ef-dd8d441c96b1,Loring Pl North & W 183 St
1888015107269225164,W 54 St & 9 Ave
1f8f6714-42a7-45d5-86cd-a093c940b2c9,Grand Concourse & E 161 St
f3782e27-c49a-4ee9-b188-0c13cad54688,E 138 St & Park Ave
aa0e6301-4162-428d-8943-7b684089b0d1,E 157 St & River Ave
64de0666-b9ab-404e-a16b-03e449bb5b4d,Putnam Ave & Ralph Ave
7f3aa940-18ef-4900-89dc-cdb05f693f31,Halsey St & Ralph Ave
344b52b0-73a9-4fe3-9132-23d0502dc0ae,Broadway & W 160 St
e34bb92f-6911-449a-999b-5bc80e0322fe,Hancock St & Stuyvesant Ave
7603028c-8b04-4918-8a25-a087ce57aea4,Suydam St & Broadway
36edabac-a0c2-471b-abaf-73fdb53a4e5f,Cypress Ave & St Felix Ave
2177015913867375458,Independence Ave & W 240 St
672d71ab-2c23-4bd2-9ed2-34e54aa4b5b5,Decatur Ave & E 197 St
2250950190425309624,Sutter Ave & Jerome St
3d6b7c84-7e5a-454d-aa9d-c66eb92383be,Webb Ave & W 190 St
1851947582840610924,31 Ave & 84 St
cda60c6d-80f3-41b7-8ece-fe997f6dafb5,E 160 St & Tinton Ave
26599393-b967-44a6-a998-cb72ca53cd9e,Broadway & W 131 St
922763d6-d73c-4678-8bcd-f42ee3a236db,Carroll St & Utica Ave
5e93b806-08e1-4ef9-98ae-d3dda20e0469,Eastern Pkwy & Schenectady Ave
2177015593774932282,W 235 St & Independence Ave
547cdccc-7864-4898-97c9-8798d924ef54,6 Ave & W 34 St
d9ec5589-c872-46f2-88cd-e54f9c596721,Morris Ave & E Burnside Ave
2f580cf9-14e2-4300-ba22-f6d88d0312a5,Bedford Ave & Montgomery St
4d79bdb9-7c35-4d35-9f6e-3c1b849c453a,W 110 St & Amsterdam Ave
2177016650782707004,Broadway & Lakeview Pl
78ec2f0d-c309-46d4-8808-7eb1a0674e38,Concourse Village East & E 158 St
d07790cd-1acd-4f74-b5f1-3d70f8a8a526,50 St & Barnett Ave
56b3ca32-104a-4920-a879-a97a820858c4,Washington Ave & Empire Blvd
7aa86431-bbc5-4d9c-8198-9630c9d32a22,Chester Ave & 12 Ave
852218fc-5e5b-4153-bc3f-03760b57e68a,Freeman St & Southern Blvd
8ef6ec7d-e898-4edc-8f3f-af888f8c5ef4,Jerome Ave & Bedford Park Blvd E
1945126257666675246,Franklin Ave & Quincy St
1864605659096685518,Kingsbridge Terrace & W 230 St
94f77501-32e5-4539-90c6-82d4198f7991,Henry St & Remsen St
4c3b6e25-b0c2-4a3f-b07e-cd60cd1b0ac0,Anthony Ave & E Tremont Ave
c066c90a-efb1-4f8b-aa15-38ba4edd4ebc,Pacific St & Troy Ave
fe93b3ae-1d86-4ee9-9eb6-9e11808966aa,Crescent St & 30 Ave
66dbea8d-0aca-11e7-82f6-3863bb44ef7c,Duffield St & Willoughby St
66db32fb-0aca-11e7-82f6-3863bb44ef7c,E 47 St & 2 Ave
66db3e32-0aca-11e7-82f6-3863bb44ef7c,Carlton Ave & Flushing Ave
9eb98b3b-ea35-483f-91f6-d90c506152db,Courtlandt Ave & E 149 St
2235288152930002662,E 54 St & Linden Blvd
2108372139456801688,Pacific Ave & Communipaw Ave
d040a7b3-85b5-4c0d-9c92-3f4ad0082143,E 170 St & Sheridan Ave
66dcc8b3-0aca-11e7-82f6-3863bb44ef7c,Willoughby Ave & Tompkins Ave
2121032507515216178,E 8 St & Beverley Rd
cf284d60-23e7-49ec-91dc-8bfedb59cb6a,E Tremont Ave & Jerome Ave
6ca15d94-897a-4c81-ab47-366829afb7c4,Putnam Ave & Wyckoff Ave
1836581628905160976,Elmhurst Ave & Roosevelt Ave
66db95e5-0aca-11e7-82f6-3863bb44ef7c,W 20 St & 7 Ave
66db5d92-0aca-11e7-82f6-3863bb44ef7c,Washington Ave & Greene Ave
c229f0ca-bdd1-4aa0-8906-a3e809e12889,Bradhurst Ave & W 148 St
e0a9ed84-55f9-40f5-90fa-87db17d2f933,Melrose Ave & E 154 St
2126621627432855870,Shore Rd & 80 St
1857515306802639416,Eastern Pkwy & St Marks Ave
1849010133527040242,111 St & Roosevelt Ave
4c03fa2d-89da-4f0b-8f19-c7de5edbe256,E 147 St & Bergen Ave
ad57266c-34da-43da-8b48-2ba856002fbf,Grove St & Broadway
d80c274e-d17d-4a00-9b76-274c9fe4d0e1,Morningside Dr & Amsterdam Ave
40eaa69a-d3ab-48fc-b395-b5bdc6a1aa85,5 St & 51 Ave
66dd266a-0aca-11e7-82f6-3863bb44ef7c,44 Dr & Jackson Ave
d946ce73-5487-4ab7-b429-cf873e9af5b5,Wakeman Pl & Ridge Blvd
0ebdda6a-37e4-4ff4-94e8-3947f49d8e24,Knickerbocker Ave & Hancock St
66db3606-0aca-11e7-82f6-3863bb44ef7c,W 16 St & The High Line
c0c6a931-c1d3-4202-a433-c4127a4cd846,Westchester Ave & Southern Blvd
2124037384760320326,Shore Rd & Narrows Ave
2235287898076566470,E 52 St & Winthrop St
de449a58-0edf-4d36-91b4-4b313576e945,E 138 St & Willow Ave
66dcc44a-0aca-11e7-82f6-3863bb44ef7c,Kosciuszko St & Tompkins Ave
1839334257267825432,4 St & River St
cb9840a3-4ae2-420d-865c-9ac45e2f5485,St Ann's Ave & Bruckner Blvd
6542d952-ca19-410e-9290-ee6b7a6e14cf,Decatur Ave & Bedford Park Blvd
2546c9b9-5b1a-4e9f-a9cc-f8b986b79748,Broadway & W 192 St
2126579619522812246,Shore Rd & Oliver St
1819720453019329398,Ocean Ave & Tennis Ct
2123939659270367896,3 Ave & 81 St
2124425670552673214,4 Ave & 72 St
2235294785609966518,Hegeman Ave & Powell St
88e64257-298c-4b8d-8886-77b9b66dcec1,W 50 St & 10 Ave
1b22c037-207d-454a-90aa-8f22d0a8a7e3,Westchester Ave & Jackson Ave
66dbc60f-0aca-11e7-82f6-3863bb44ef7c,S Portland Ave & Hanson Pl
2235294598225548332,Mother Gaston Blvd & Lott Ave
d56a8542-048a-4aca-ac7f-f27a9e6c908b,Newtown Ave & 23 St
78e93937-53d1-4c9b-99ad-0460f908ed2d,Pierrepont St & Monroe Pl
2ad41c1f-5636-4a63-ad52-761e2613061a,53 St & 4 Ave
1860189650739626488,E 188 St & Hughes Ave
c606bae0-889c-47c3-8202-9463ef147655,Lefferts Ave & Albany Ave
1835250442210857240,Kingston Ave & E New York Ave
2121032386733337206,37 St & 13 Ave
9af90faf-0b9b-451b-9cb0-20ff421ca1d9,E 165 St & Fox St
66de1f7f-0aca-11e7-82f6-3863bb44ef7c,E 102 St & Park Ave
1828964993433043090,Lott St & Erasmus St
2098359443836787630,Park Ave & E 40 St
2126274308236524392,99 St & 3 Ave
f15ccc6e-5a7c-46e7-b505-0bfc9cae3d83,W 129 St & Convent Ave
594b4656-9d83-4301-8967-3b92c126531c,3 Ave & E 112 St
b16e9f3f-9b07-486f-a1ca-c76030f5ea64,Carroll St & Rochester Ave
e163ce54-4c39-43c5-9831-e10a2603527d,JC Medical Center
3eb10c63-ea4c-4161-b07d-a29034f7367a,Brook Ave & E 141 St
78aabb95-6195-4aa7-ab0d-5748eeb26bd1,Wilson Ave & Moffat St
e4980fd0-e540-40ca-acba-c2a74f3294fc,Prospect Park W & 20 St
d11db4cd-f9bf-430b-ac19-104fef323b24,60 Pl & Linden St
2121032035614514006,Colonial Rd & Wakeman Pl
1860188194745712748,Park Ave & E 179 St
59e3766c-0629-4ff1-a1d9-bc0514a55487,Rockaway Ave & Bainbridge St
1846085256331594490,75 St & Roosevelt Ave
0f6fd186-656a-41b3-ba4a-456d22da177c,Frederick Douglass Blvd & W 117 St
66dbefee-0aca-11e7-82f6-3863bb44ef7c,Pitt St & Stanton St
0e240143-2f86-4754-8345-4994750d99f1,Nostrand Ave & Rutland Rd
2235294496596698930,Lott Ave & Rockaway Ave
ebfafca3-5818-4e6f-8374-98f44a0ca0c6,3 Ave & Wakeman Pl
993fc83f-52c6-43f4-bb49-4abe4ad48150,Windsor Pl & Howard Pl
b608193c-46ae-4b61-9e7a-4671e7c3b96e,E 167 St & Bryant Ave
30d6520e-b612-4240-a9ff-eec12b02b263,W 218 St & Indian Rd
66dcbdc2-0aca-11e7-82f6-3863bb44ef7c,Halsey St & Tompkins Ave
1877651952425321214,Bronx Park S & Bryant Ave
1838999304404452058,Winthrop St & Albany Ave
186092d1-a431-45db-8198-d5ba13334d79,E 165 St & Jerome Ave
699d3378-6ea8-465f-888b-c49c60089ce8,Park Pl & Vanderbilt Ave
6e5a8cab-cf1a-4584-8133-01835b56ad71,River Ave & E 153 St
633fbc4c-7617-47ba-a393-aad7a8d26a3e,Van Brunt St & Van Dyke St
66dd056e-0aca-11e7-82f6-3863bb44ef7c,Graham Ave & Withers St
55fda28d-56a8-4db2-b42a-072714f18471,Schenectady Ave & Maple St
66db64d1-0aca-11e7-82f6-3863bb44ef7c,Madison St & Montgomery St
0b94cc1e-2327-4679-99d9-3b21ddc02051,Macombs Pl & W 152 St
01f01352-50d4-484e-a611-576b18ac373a,Bergen St & 4 Ave
66db43b5-0aca-11e7-82f6-3863bb44ef7c,DeKalb Ave & Vanderbilt Ave
6cb5fac5-f7e8-4ec9-94cf-816771d91ecd,20 Ave & 38 St
1869753654337059182,Marble Hill Ave & W 225 St
2138075988152462096,Ditmas Ave & McDonald Ave
66dc2995-0aca-11e7-82f6-3863bb44ef7c,W 25 St & 6 Ave
1820420224296772166,Bedford Ave & Beverley Rd
2111353842893366258,Broadway & 31 St
1893542109140147108,Caton Ave & St. Pauls Pl
1869753195262578852,E 179 St & Daly Ave
66dbe8d6-0aca-11e7-82f6-3863bb44ef7c,Centre St & Chambers St
66de2625-0aca-11e7-82f6-3863bb44ef7c,Central Park North & Adam Clayton Powell Blvd
6c3b486e-603c-4158-91ac-adc06ac01535,Myrtle Ave & Linden St
8df41833-c7bf-4171-bdab-58d64f6ade54,E 3 St & Church Ave
9505c2b7-0c3a-4791-8471-d2092a86291f,Front St & Jay St
76c1ef9c-3984-4b4e-bff4-5c398e2395bd,36 St & Ditmars Blvd
2206775732971837972,Queens Blvd S & 65 Rd
2143217922777170632,Jackson Ave & 50 Ave
cc5f0e68-dd5f-4db1-81c7-04a4d6674fba,Goble Pl & Macombs Rd
4f57360d-a4cb-4568-b74a-f3086ccaee2e,Seaman Ave & Beak St
bd1760ad-3af3-4ede-9bd7-c8fbf46d7192,Lenox Ave & W 140 St
66de48f9-0aca-11e7-82f6-3863bb44ef7c,Henry St & W 9 St
1814900632709495794,Linden Blvd & Nostrand Ave
9a52fbc1-d87a-4a65-941d-12fd55dbcdde,White St & Moore St
2144768975813378884,Bailey Ave & W 238 St
66de482a-0aca-11e7-82f6-3863bb44ef7c,Richards St & Delavan St
dba67615-a7e0-4c44-ab1b-b464033ec9b9,Lorimer St & Calyer St
904930bd-2671-4695-9c1a-8a894b041129,6 Ave & W 45 St
38975061-0d90-43a3-87c1-8905b374d5d9,Lexington Ave & E 128 St
9f702c67-b591-4492-ba90-eb3c7e793dad,University Ave & W Burnside Ave
1861680383828308814,Marble Hill Ave & W 227 St
66de077f-0aca-11e7-82f6-3863bb44ef7c,W 106 St & Central Park W
e25f8dee-c110-489f-a978-464ac5c84ca2,Nevins St & Schermerhorn St
23539f3b-fb83-4f34-b8b8-9f1f37b5e646,Morningside Ave & W 123 St
2216026000804919888,Flushing Ave & Clermont Ave
1808184356986544410,Van Dam St & Meeker Ave
66dddc98-0aca-11e7-82f6-3863bb44ef7c,Marin Light Rail
b30815c0-99b6-451b-be15-902992cb8abb,University Pl & E 14 St
1815968147129520346,Tilden Ave & Nostrand Ave
5780ae63-54e5-48e3-a00c-9c403cb75401,41 St & 4 Ave
308e055a-b8aa-447d-8803-8677c88af0ba,New York Ave & Hawthorne St
96a4da57-107a-43d1-8828-4749d5555461,Flatbush Ave & Eastern Pkwy
1862787688044743624,Boston Rd & West Farms Rd
66dbebad-0aca-11e7-82f6-3863bb44ef7c,Jay St & Tech Pl
2235291597256829956,Rockaway Pkwy & Church Ave
1815967159287043052,E 21 St & Church Ave
1860187181307969634,Park Ave & E Tremont Ave
66dbbc4a-0aca-11e7-82f6-3863bb44ef7c,Bank St & Hudson St
0258da92-f770-4acc-b20b-91b78aff791e,Flatbush Ave & Lincoln Rd
5526b855-dc09-4159-a20a-99651861a481,17 St & 5 Ave
1828965172312150882,New York Ave & Snyder Ave
a958a8af-a0cc-4bca-9114-93c74ce3c693,Frost St & Debevoise Ave
2007842506069575758,Verveelen Pl & Broadway
467e1de6-73a6-480f-9e83-fd1b03b71047,Morgan Ave & Maspeth Ave
2235294048469734434,Livonia Ave & Rockaway Ave
36b55a0f-e55d-4849-859a-09b3273fb782,23 St & 3 Ave
1861681435029604706,W 230 St & Marble Hill Ave
66db316a-0aca-11e7-82f6-3863bb44ef7c,Henry St & Atlantic Ave
32c60668-a192-4d06-aa7c-6d6f7aed6b45,Vernon Blvd & 10 St
fbb2d76c-1d47-4fb1-9c07-622fcace38a5,E 167 St & Clay Ave
b5010362-af16-4357-8fb7-5958576954c0,Parade Pl & Crooke Ave
566935d6-4d66-4b42-9822-f2a816e357b9,E 114 St & 1 Ave
66dce660-0aca-11e7-82f6-3863bb44ef7c,Leonard St & Boerum St
1861682960046954694,Bailey Ave & W 234 St
3ac37967-e174-421a-bfeb-d02249fb1266,55 St & 7 Ave
cbc48689-7805-49dd-9669-5471f4b7b6fb,Hoboken Terminal - Hudson St & Hudson Pl
1875415144760576328,Naples Terrace & Godwin Terrace
66dd01c5-0aca-11e7-82f6-3863bb44ef7c,Berry St & N 8 St
66dcf640-0aca-11e7-82f6-3863bb44ef7c,Roebling St & N 4 St
1851955603137491568,N Portland Ave & Flushing Ave
a381b37a-a928-4834-87ee-da9922cb3b3d,Shore Blvd & Astoria Park
80969478-8dbc-42e1-8e16-ac0132a431c2,E 8 St & Caton Ave
73b403cf-86fd-4f93-a484-5cb06a2abeea,W 18 St & 9 Ave
66dbbeda-0aca-11e7-82f6-3863bb44ef7c,Greenwich St & W Houston St
66de4b0b-0aca-11e7-82f6-3863bb44ef7c,Court St & Huntington St
33af8810-cda5-4b61-9c38-0235f9d59aaa,36 St & 4 Ave
8b830188-101e-44bf-a755-5e6c611e3edc,Lefferts Ave & Schenectady Ave
66db7637-0aca-11e7-82f6-3863bb44ef7c,Fulton St & William St
b976906e-81c4-44c5-a160-e17815c0d47b,E 115 St & Madison Ave
fc774664-3c9b-4a8f-a79e-f6907db00a1d,Astoria Park S & Shore Blvd
66db281e-0aca-11e7-82f6-3863bb44ef7c,Atlantic Ave & Fort Greene Pl
943a1a27-1328-4823-8945-28d845280383,Isham St & Broadway
66db41bf-0aca-11e7-82f6-3863bb44ef7c,MacDougal St & Washington Sq
66de6dc1-0aca-11e7-82f6-3863bb44ef7c,Lafayette St & Jersey St
2206772604819312252,Queens Blvd N & 63 Rd
59df3823-0369-4a10-8132-05df34a170af,Myrtle Ave & Fleet Pl
02fb0f6a-b1dc-4e1c-97f8-fe70462670a3,Park Circle & East Dr
1861682444178541220,Broadway & W 238 St
66dde845-0aca-11e7-82f6-3863bb44ef7c,Columbus Ave & W 95 St
1786698815186893280,Broadway & Kent Ave
66dd1d0f-0aca-11e7-82f6-3863bb44ef7c,Banker St & Meserole Ave
0c923abb-298a-4a47-b132-9fae73cc59e6,Hudson St & W 13 St
1786696780996714874,Driggs Ave & S 2 St
3d340fc5-8c86-4d5e-974d-ae28958e61e8,W 20 St & 5 Ave
66dde3b1-0aca-11e7-82f6-3863bb44ef7c,E 89 St & York Ave
9459fca8-b044-4ed1-8f2c-c5db11ba868f,Botanical Sq & Webster Ave
1ecc9936-ee0c-44b2-baa8-237564c8e4fd,Ashland Pl & Dekalb Ave
1844599666569400604,River St & 1 St
1814548067447122618,Calyer St & West St
99142ec8-c0e7-47ca-916c-c1097d48e133,Market St & Henry St
7a771842-c090-4da1-8c13-72b7f4f50a87,Leonard St & Nassau Ave
edc9b877-c311-46b4-a780-59ee7e692324,E 4 St & Ave B
8ec47777-852d-4059-a5ea-12eef71a9606,Water St & Gouverneur Ln
3863f086-ae35-4d0e-8c91-2b6e3e5827a1,Frost St & Meeker Ave
a5bd1f58-7df8-4df6-9636-372f1bc194be,10 Ave & W 207 St
66dc85bb-0aca-11e7-82f6-3863bb44ef7c,W 42 St & 8 Ave
66db4158-0aca-11e7-82f6-3863bb44ef7c,Mott St & Prince St
66dded11-0aca-11e7-82f6-3863bb44ef7c,1 Ave & E 94 St
bfe5e69d-89ff-48b3-bf20-80cbdfa443e0,India St Pier
66dc2172-0aca-11e7-82f6-3863bb44ef7c,1 Ave & E 44 St
66db76a1-0aca-11e7-82f6-3863bb44ef7c,E 6 St & Ave B
ca4795a2-6ab3-4597-bf59-f0155ac1637c,Ave A & E 11 St
2254550579741656756,Murray St & West St (NE Corner)
f833d403-2cf5-424a-a3b3-0314a44b4a67,Clinton St & Cherry St
2218677133489064082,E 70 St & Madison Ave
66ddef96-0aca-11e7-82f6-3863bb44ef7c,2 Ave & E 96 St
1b28836b-29fd-47a7-9a98-44cd792918fb,Driggs Ave & N 9 St
c38e2cfc-04e6-419c-8bf8-d8713ccf6ea7,Bridge St & York St
a6492ad5-d13e-48b0-a0d5-08e60ad93e53,River Ter & Warren St
014a931b-8e1c-438a-8a22-f267ddd1e0d2,Peck Slip & South St
66dd46a2-0aca-11e7-82f6-3863bb44ef7c,E 85 St & York Ave
66dd1bf3-0aca-11e7-82f6-3863bb44ef7c,Bedford Ave & Nassau Ave
66dc8db1-0aca-11e7-82f6-3863bb44ef7c,Front St & Washington St
66db4671-0aca-11e7-82f6-3863bb44ef7c,Stanton St & Chrystie St
9394fb49-583f-4426-8d2f-a2b0ffb584d2,Stanton St & Norfolk St
66db3273-0aca-11e7-82f6-3863bb44ef7c,LaGuardia Pl & W 3 St
66dd1ad8-0aca-11e7-82f6-3863bb44ef7c,N 15 St & Wythe Ave
66db2db5-0aca-11e7-82f6-3863bb44ef7c,Nassau St & Navy St
66dc78c4-0aca-11e7-82f6-3863bb44ef7c,6 Ave & W 33 St
66dbcf18-0aca-11e7-82f6-3863bb44ef7c,Washington Pl & 6 Ave
66ddd545-0aca-11e7-82f6-3863bb44ef7c,Cooper Square & Astor Pl
66dd427e-0aca-11e7-82f6-3863bb44ef7c,1 Ave & E 78 St
66dc1702-0aca-11e7-82f6-3863bb44ef7c,St Marks Pl & 1 Ave
66ddea2a-0aca-11e7-82f6-3863bb44ef7c,E 91 St & 2 Ave
8cb0375d-bcb2-4c90-9773-41c3c8fdf8d8,Grand St & Samuel Dickstein Plaza
ff2869f0-4381-4cf3-863e-a0d776ec53b4,Old Slip & South St
c37931bb-8571-4671-a9a8-f3cf23897680,1 Ave & E 6 St
1960020817312746312,Allen St & Hester St
abc1311e-e000-4211-af9e-0cf92242711e,Grand Concourse & E 164 St
fb180cce-96ee-4e66-b3ce-000f3db6e670,Eastern Pkwy & Kingston Ave
fec4aa1b-9fc1-4dd9-ab39-c1d7370a6e54,Hunts Point Ave & Bryant Ave
67f60e7e-397a-4e47-b7f9-d10bd67133b3,W 51 St & Rockefeller Plaza
c0df5c09-2c07-4689-9fe8-36ed81301d7d,Audubon Ave & Fort George Ave
1945125793810207148,Pulaski St & Throop Ave
d2b23c87-b7c3-48c2-a634-db4b76ecbcf7,Pacific St & Utica Ave
74723006-b32f-4590-8cc7-f15eec3808fe,Bushwick Ave & Linden St
66dd217d-0aca-11e7-82f6-3863bb44ef7c,Franklin St & Dupont St
1f088432-0460-421e-a1d9-36890fa5396d,Barry St & Tiffany St
566a6389-5c22-49ca-8c24-4d9eea135170,55 St & 5 Ave
17ba4945-b202-4667-965f-211d80622646,Dock 72 Way & Market St
ffaa8f6a-a4ea-4d3a-a57c-f42f77cd4581,Thomas S. Boyland St & Fulton St
1880643497376459348,Park Pl & Carlton Ave
66de099d-0aca-11e7-82f6-3863bb44ef7c,W 100 St & Manhattan Ave
5f0aa684-a1c5-4119-827f-7860f1cd4ccd,Bushwick Ave & Harman St
66dcba5e-0aca-11e7-82f6-3863bb44ef7c,Fulton St & Utica Ave
ef6216aa-d3c8-46bb-8c6b-b62f8ba51b16,Van Sinderen Ave & Truxton St
1869743938848725856,9 Ave & W 33 St
efa2a82f-eb4a-4b82-a602-6c42cb984101,Kingston Ave & Montgomery St
85ba92ab-8d0a-4d17-9d07-0173e16d3b6d,Monroe St & Patchen Ave
2b54cb2c-31be-4620-a13c-0fa72b58c90a,Lincoln Pl & Classon Ave
66dbb869-0aca-11e7-82f6-3863bb44ef7c,Monroe St & Bedford Ave
1947313784686131504,Icahn Stadium Plaza
59f0cb81-e31b-4ba9-9159-3437c52f7505,Kingston Ave & Carroll St
1ddadf67-ae08-4e86-bdda-236629b9eabd,Brooklyn Ave & Prospect Pl
e35494b4-5811-4d2a-87de-4430e56bce2d,Amsterdam Ave & W 189 St
66db6387-0aca-11e7-82f6-3863bb44ef7c,Broadway & E 14 St
0575e356-72f4-4251-8e15-574cf60bd190,Bushwick Ave & Forrest St
0df3a035-5a38-4ec2-826a-0a5376e8d8a0,W 186 St & St Nicholas Ave
b4ae292d-5e89-4c58-8154-0496893394b5,Grand Concourse & E 166 St
1864605386632012480,E 184 St & 3 Ave
0f98907a-d4cc-45e0-b174-7d9dfda74106,Steinway St & Broadway
2436e886-dc53-47cb-8733-d663f9dcd922,W 180 St & Fort Washington Ave
fac701fb-c433-496e-933b-ea137dbe7fe1,Andrew Ave N & Hall of Fame Tce
7a701539-2c10-4abe-803f-525785ebb7fb,MacDonough St & Marcy Ave
4e1a13af-1c3b-48f2-8586-5edceea97d61,Nelson Ave & 167 St
1860187301567054286,Crotona Ave & Crotona Park N
66dc1545-0aca-11e7-82f6-3863bb44ef7c,Hancock St & Bedford Ave
66dc51e9-0aca-11e7-82f6-3863bb44ef7c,10 Ave & W 28 St
1b962833-d769-418e-b1ef-5a183bb5eb1a,Adam Clayton Powell Blvd & W 151 St
2171903608969565866,Jerome Ave & E Mosholu Pkwy N
b442a648-e9f4-4893-951a-64d258bc0e55,W 50 St & 9 Ave
1960020234227886806,3 Ave & E 62 St
6908ae75-b9a1-4f20-b192-95dc43e858a8,64 St & Woodbine St
66dd4b91-0aca-11e7-82f6-3863bb44ef7c,W 78 St & Broadway
66de8a86-0aca-11e7-82f6-3863bb44ef7c,W 52 St & 6 Ave
533f25a0-514f-456f-9d87-5fdcb4ee42f4,Summerfield St & Cypress Ave
1931758629658304788,E 179 St & Southern Blvd
7d41ac98-df88-497a-aef9-968660e6da0f,Central Park W & W 103 St
06109e92-4363-445a-9743-0457f6799530,Madison Ave & E 26 St
7cd61426-ed98-434e-9235-56ed856fead6,Westchester Ave & Longwood Ave
c9e76fa9-54e2-4161-9798-4787bf04217a,Patchen Ave & Bainbridge St
0ddb965d-95ef-4ce3-bde6-81a56ac1fbd2,Edgecombe Ave & W 145 St
66dd5407-0aca-11e7-82f6-3863bb44ef7c,Riverside Dr & W 78 St
b371c432-b682-412f-9b85-8df84ce7a9f3,St Nicholas Ave & W 137 St
ed279ef2-52ee-4ff2-9a52-edd8137ea034,44 St & Greenpoint Ave
66dd4bf7-0aca-11e7-82f6-3863bb44ef7c,Central Park W & W 68 St
625711ba-3b5d-46a7-a8f9-7f4eb17ec1be,2 Ave & E 122 St
dd351a72-4241-4275-843d-0fffa8a1f414,Sterling Pl & Bedford Ave
eef98eb6-f550-49f9-a910-4d2863e6a591,Buchanan Pl & Grand Ave
aa8270ec-4441-47d2-854b-5852e65fae66,Macombs Rd & Featherbed Ln
1927314940904608224,W 160 St & Riverside Dr
481624f3-9377-4dfd-a5dd-de05a7fef760,Ogden Ave & W 165 St
66dcc5ca-0aca-11e7-82f6-3863bb44ef7c,Lewis Ave & Kosciuszko St
b0cc08dc-e7dd-48d1-8901-ba496f3ff2f5,W 64 St & Thelonious Monk Circle
d7632897-a6eb-4f8f-9ab2-c66426620fbf,E 134 St & Walnut Ave
ad037fe2-4a28-4b55-863c-229aada0b43a,12 Ave & 36 St
b79bb851-130f-473d-83fc-f602aa0a4ca9,Adam Clayton Powell Blvd & W 130 St
2124425954553309758,79 St & 5 Ave
2235290248874043146,Linden Blvd & E 91 St
66dc1687-0aca-11e7-82f6-3863bb44ef7c,Macon St & Nostrand Ave
66dc7773-0aca-11e7-82f6-3863bb44ef7c,E 20 St & Park Ave
66dc1d80-0aca-11e7-82f6-3863bb44ef7c,W 37 St & 10 Ave
66dc7a7d-0aca-11e7-82f6-3863bb44ef7c,9 Ave & W 22 St
2235294700445990334,Osborn St & Linden Blvd
17aeb1e3-fd18-4cf9-9473-17dfa5b0a312,Union St & Bedford Ave
2126624772423916318,101 St & Fort Hamilton Pkwy
1786696251091417274,Eagle St & Manhattan Ave
16e17ca1-b2dc-47d0-8c8b-199cb4736fe7,Aqueduct Ave & W 190 St
2163290511399492946,Narrows Ave & MacKay Pl
2126623405008140358,84 St & 3 Ave
2c8b263e-952c-4941-a671-ef0ebb062632,E New York Ave & Troy Ave
2124426077519611940,86 St & Ridge Blvd
2126224996973581072,Fort Hamilton Pkwy & 85 St
1860188747953293684,Southern Blvd & E 180 St
66ddeaff-0aca-11e7-82f6-3863bb44ef7c,West End Ave & W 94 St
66dd4ec7-0aca-11e7-82f6-3863bb44ef7c,Riverside Dr & W 82 St
66db79a3-0aca-11e7-82f6-3863bb44ef7c,Fulton St & Broadway
ffef95fa-600b-4f08-b2ce-e8eb034ebfd8,46 St & Queens Blvd
66dc864c-0aca-11e7-82f6-3863bb44ef7c,11 Ave & W 59 St
f72a253f-3cef-4da8-9591-0cbd3a692162,W 40 St & 7 Ave
8d097a6d-f17c-4195-9dd4-42527b371c71,8 Ave & W 38 St
2b848257-dc2e-4dd0-b840-d5e046972789,W Tremont Ave & Matthewson Rd
66de5d57-0aca-11e7-82f6-3863bb44ef7c,7 Ave & Park Pl
2208187693892730258,8 Ave & W 55 St
9c2a741d-7f3e-4aa1-b58b-db5c3e6bcb20,Gerard Ave & McClellan St
2121033322026834516,E 3 St & Cortelyou Rd
66f68197-4897-4576-896a-48e0312104c5,Franklin Ave & St Marks Ave
9789dc0f-1eb6-4830-bda9-1ce5f1413e19,6 Ave & 55 St
98ebf9c6-1d94-4e21-9007-c623875fdb5e,E 144 St & Brook Ave
b4f990dd-36bb-46b3-9eea-4b980bd43c2d,Jerome Ave & W Fordham Rd
d0b87aa7-7e19-40d2-8f7d-6a622e6ac391,Adam Clayton Powell Blvd & W 141 St
2142879839954225698,Arion Pl & Broadway
66dd546c-0aca-11e7-82f6-3863bb44ef7c,Park Ave & Marcus Garvey Blvd
01839a78-f228-4706-8f7f-147b857492f2,Adam Clayton Powell Blvd & W 132 St
66dd23a9-0aca-11e7-82f6-3863bb44ef7c,Jackson Ave & 46 Rd
1934770108420609000,Fairmount Pl & Prospect Ave
66dc741f-0aca-11e7-82f6-3863bb44ef7c,E 16 St & 5 Ave
bc512527-7863-48d5-aea8-3de470abc1ee,Edgecombe Ave & W 141 St
2177016064191230822,Waldo Ave & Manhattan College Pkwy
cad68b8c-6d68-4c5f-88fe-b1aa3e40727a,Bedford Ave & Maple St
44a80c48-c1a9-4ff1-92eb-6bf8be492f5e,Park Pl & Thomas S. Boyland St
2250947453818380254,Jamaica Ave & Elton St
2235291073270819780,Riverdale Ave & E 98 St
39112ced-337f-4b71-9df6-291cd4265cc9,Winthrop St & Nostrand Ave
21361381-fd4a-44a4-bfa7-61f075192ce9,Cedar St & Myrtle Ave
2126965369631090816,Fort Hamilton Pkwy & 95 St
039d4cc9-8560-4d22-88c3-20753c54a50f,3 Ave & E 163 St
66dce8db-0aca-11e7-82f6-3863bb44ef7c,Montrose Ave & Bushwick Ave
2235289711766186888,Howard Ave & Blake Ave
3f031133-ec95-4a92-9d63-2ae28183f498,11 Ave & Prospect Ave
1843486667668726558,Queens Blvd & Broadway
33c533cd-5f0e-4c15-a00a-6a2bf1e2d077,Spring St & Hudson St
cd118a8f-a7d1-4b7a-a6d3-d9e875cb29df,Metropolitan Ave & 65 Ln
3c135a2e-eeea-4e81-9c0a-8d14a6049198,Bedford Ave & Fenimore St
66de1a8a-0aca-11e7-82f6-3863bb44ef7c,Amsterdam Ave & W 66 St
66db3816-0aca-11e7-82f6-3863bb44ef7c,W 13 St & 7 Ave
53ef19c6-eaa7-47f7-807e-f51b574b1be0,Dyckman St & Staff St
2f656bc4-7743-4326-8330-a22bd41d9d17,West End Ave & W 60 St
550153a5-2ea1-4c76-b1cd-77667005f55d,Ditmars Blvd & 19 St
96a0b676-e966-4d96-b04b-ceb8149cedcd,E 138 St & Cypress Ave
66db237e-0aca-11e7-82f6-3863bb44ef7c,W 52 St & 11 Ave
66de47bf-0aca-11e7-82f6-3863bb44ef7c,Commerce St & Van Brunt St
66dc91b5-0aca-11e7-82f6-3863bb44ef7c,Grand St & Greene St
99b7c9a5-9679-417f-b884-21c4b240aa99,10 Ave & W 204 St
1862008701134683118,Arthur Ave & E 183 St
1814900752968579218,New York Ave & Lenox Rd
66de103b-0aca-11e7-82f6-3863bb44ef7c,Dwight St & Van Dyke St
b506be9e-45d3-43d1-a262-27d8fa91e974,31 St & Astoria Blvd
66db3f01-0aca-11e7-82f6-3863bb44ef7c,Willoughby Ave & Hall St
af626e61-9f83-4602-a9b1-038b1c1430e6,Metropolitan Ave & Flushing Ave
c4377169-c19e-47e1-90a4-c4e14bb41601,Buffalo Ave & E New York Ave
1828965347681089818,Turner Pl & Coney Island Ave
1815968237323833702,Brooklyn Ave & Beverley Rd
66de63cd-0aca-11e7-82f6-3863bb44ef7c,Columbia St & Degraw St
1814907590556515014,Cortelyou Rd & E 19 St
1934749166596673908,Washington Pl & Greene St
66de08c9-0aca-11e7-82f6-3863bb44ef7c,Clinton St & Centre St
66db88f5-0aca-11e7-82f6-3863bb44ef7c,Lawrence St & Willoughby St
1817432787057164808,Cortelyou Rd & Stratford Rd
2053867202510006310,E New York Ave & Utica Ave
66dc11a7-0aca-11e7-82f6-3863bb44ef7c,9 Ave & W 18 St
1848242143834868452,42 Ave & 108 St
1b038e21-e199-4c47-bef0-f4bcdc06b73b,Duane St & Hudson St
66dc9143-0aca-11e7-82f6-3863bb44ef7c,Catherine St & Monroe St
52dd11f4-bbd0-49ab-912b-06fac40d275d,Prospect Park SW & 16 St
bdcbd89b-9ae0-461b-aa1d-7db7ead07400,3 Ave & Carroll St
66de65a4-0aca-11e7-82f6-3863bb44ef7c,West Drive & Prospect Park West
8b1222da-612f-4482-ab34-9467c4ed28e3,E 135 St & St Ann's Ave
66de1448-0aca-11e7-82f6-3863bb44ef7c,Berkeley Pl & 7 Ave
66dd5f24-0aca-11e7-82f6-3863bb44ef7c,Liberty Light Rail
66de1516-0aca-11e7-82f6-3863bb44ef7c,Coffey St & Conover St
cc7b86cf-a2fb-4738-b967-de7b197dc930,Ave A & E 14 St
1846086138339179502,103 St & 41 Ave
b55f9b55-7fa7-4f0f-9732-78cbe07452e1,Adam Clayton Powell Blvd & W 123 St
a1cf7115-8e38-4300-aac8-3a2fddca0e23,Prospect Park SW & Vanderbilt St
66db9675-0aca-11e7-82f6-3863bb44ef7c,Washington Pl & Broadway
fd0e86e3-079d-40aa-8231-ec2cbdbd9e7f,34 St & 4 Ave
1975559886658995034,5 Ave & 44 St
1817432606668538118,E 34 St & Church Ave
5b4a4b20-539b-47c1-9228-1f1f124b3ec9,4 Ave & 26 St
324af152-33ea-48a7-8bb0-ad8b6f31571f,Picnic Point
36025f2c-ee4d-4c1a-832d-733cf37f98ef,Tiebout Ave & E Fordham Rd
1822663143025657920,Beverley Rd & Nostrand Ave
c1e24edf-7192-433f-8d38-be5b6b3647c5,North Moore St & Greenwich St
66de5005-0aca-11e7-82f6-3863bb44ef7c,7 St & 5 Ave
1932126716328112534,St Marks Pl & 4 Ave
66de06ef-0aca-11e7-82f6-3863bb44ef7c,12 St & 4 Ave
66dcf897-0aca-11e7-82f6-3863bb44ef7c,Graham Ave & Conselyea St
66de0d91-0aca-11e7-82f6-3863bb44ef7c,Union St & 4 Ave
66de0a0a-0aca-11e7-82f6-3863bb44ef7c,Degraw St & Smith St
66de677e-0aca-11e7-82f6-3863bb44ef7c,E 106 St & Lexington Ave
b03adb87-2bd9-43a5-a822-7d06a9ee2d81,McKibbin St & Bogart St
145bbc0d-8976-45ae-9565-158ba564d3d1,Suydam St & Knickerbocker Ave
66de27da-0aca-11e7-82f6-3863bb44ef7c,E 76 St & Park Ave
1890927910885612334,Woodhaven Blvd & Hoffman Dr
66dbf4ac-0aca-11e7-82f6-3863bb44ef7c,E 6 St & Ave D
66db460d-0aca-11e7-82f6-3863bb44ef7c,Maiden Ln & Pearl St
c0ce2a38-04f5-4333-8818-2a3faa84f214,Prospect Park SW & Greenwood Ave
66dd2292-0aca-11e7-82f6-3863bb44ef7c,Vernon Blvd & 50 Ave
2256067489208956714,Driggs Ave & N 12 St
18fcd2c1-dc8b-4a52-9f18-e9b9003bbea5,Park Pl & Church St
0183d7d4-9e11-4429-94db-666a31239871,W 155 St & Frederick Douglass Blvd
dfe2c398-ff5c-4a8d-83c8-fa18801540d8,Plaza Dr & W 170 St
2233876305608249780,President St & 4 Ave
66dd45c7-0aca-11e7-82f6-3863bb44ef7c,E 84 St & 1 Ave
162d5859-b735-4ff7-9613-01b21f22c1cd,Lafayette Ave & Ft Greene Pl
0e003543-3656-448f-8a93-029d265f2e26,Lenox Ave & W 111 St
2104278402820534724,Seigel St & Humboldt St
6f484a9d-c535-451e-a18f-f3afdc0a27af,Gold St & Frankfort St
1786698974100683436,N 7 St & Driggs Ave
7e70b65e-00c1-40d5-984d-17232a4ee05e,Greenwich St & Perry St
66db9cc4-0aca-11e7-82f6-3863bb44ef7c,Madison St & Clinton St
1954806962718223342,Pearl St & Whitehall St
cb04be8e-8edc-4c9d-bfc0-76f94e3a3d9b,Main St & Plymouth St
1786375597504305174,Wythe Ave & N 13 St
66dba0ba-0aca-11e7-82f6-3863bb44ef7c,Columbia St & Rivington St
29ced315-14b5-4edc-bef2-665316dfe3dd,W 12 St & Hudson St
fa14408f-6e88-4668-86ee-ce10ea707f36,Hudson St & N Moore St
1884599469785421928,3 Ave & E 82 St
66db2f4c-0aca-11e7-82f6-3863bb44ef7c,E 2 St & Ave C
66dd41ef-0aca-11e7-82f6-3863bb44ef7c,E 72 St & Park Ave
645e4365-653f-48ce-bc15-5fcc287be56f,E 7 St & Ave B
2039088532741595744,Front St & Pine St
b6a4770e-9077-4a0e-a0fb-b45b1d457559,Thompson St & Bleecker St
4e862dc1-0652-4f29-a26f-315d763df67d,Washington St & Barrow St
66dc3f08-0aca-11e7-82f6-3863bb44ef7c,W 41 St & 8 Ave
66dc8b6a-0aca-11e7-82f6-3863bb44ef7c,Metropolitan Ave & Bedford Ave
66dbc420-0aca-11e7-82f6-3863bb44ef7c,Clinton St & Grand St
66ddd369-0aca-11e7-82f6-3863bb44ef7c,Mercer St & Bleecker St
66dd243c-0aca-11e7-82f6-3863bb44ef7c,48 Ave & 5 St
9e3603ee-2b7d-4147-a7b5-48bbd778902c,Forsyth St & Grand St
a19d37cc-6070-4e4c-b4ad-3ee21e4a11cb,W 10 St & Washington St
1827839088308194240,Gansevoort St & Hudson St
66dc86d9-0aca-11e7-82f6-3863bb44ef7c,Forsyth St & Broome St
66db3ba0-0aca-11e7-82f6-3863bb44ef7c,St Marks Pl & 2 Ave
89d4a926-f1ae-4bf2-bf2d-59cff3881579,Water St & Fletcher St
66dcac42-0aca-11e7-82f6-3863bb44ef7c,Kent Ave & N 7 St
4e9a1c3a-20e2-4fd5-b8de-fbf8d43e7bcc,Maple St & Flatbush Ave
cb05443c-e68e-48f7-8d17-35353fa19d4d,W 34 St & Hudson Blvd E
1906951766876655628,Sterling Pl & Classon Ave
2177016343889563330,Broadway & W 251 St
8a24490d-d5c5-4bac-9e36-56967834fc10,Featherbed Ln & Nelson Ave
66dc7c31-0aca-11e7-82f6-3863bb44ef7c,W 29 St & 9 Ave
66db3687-0aca-11e7-82f6-3863bb44ef7c,Columbia Heights & Cranberry St
66de12ff-0aca-11e7-82f6-3863bb44ef7c,W 107 St & Columbus Ave
5dc8ddac-979e-4ae5-b879-3670cca7482d,Edgecombe Ave & W 167 St
1869439368558197224,Wallabout St & Kent Ave
66dbc551-0aca-11e7-82f6-3863bb44ef7c,W 56 St & 6 Ave
2241268475567505728,W 19 St & 11 Ave
66dd9213-0aca-11e7-82f6-3863bb44ef7c,W 82 St & Central Park W
66dbe250-0aca-11e7-82f6-3863bb44ef7c,Willoughby Ave & Walworth St
facb0195-8daa-46e3-95e1-6f22fb678e8a,Prospect Ave & Jennings St
1860187430946456420,E 176 St & Clinton Ave
6a52ceae-3b97-487a-9438-de844bfbf1c2,Amsterdam Ave & W 183 St
7f6674c4-5568-4766-b172-0385348ae184,Amsterdam Ave & W 136 St
1875433315773395778,Southern Blvd & Xavier Way
a4bb6fac-b795-4aa7-a266-613419019290,Gerard Ave & E 164 St
66db63f4-0aca-11e7-82f6-3863bb44ef7c,Monroe St & Classon Ave
079b5a90-1d2b-40b2-b1e9-71c075f16b89,Chauncey St & Howard Ave
d473f31f-68f2-4777-a364-ed127db04345,Moffat St & Bushwick
5adcaaaf-5386-441d-827c-8d65c4f4405e,Amsterdam Ave & W 167 St
178bad16-1b02-4264-94c0-a8fd0faa60fe,59 St & 4 Ave
1876800925490112950,Arthur Ave & E Tremont Ave
2226031221020418718,New Utrecht Ave & 9 Ave
66de5ace-0aca-11e7-82f6-3863bb44ef7c,Prospect Pl & 6 Ave
9b70cbe2-25fc-42f8-b6e6-ac21ef248e4b,Brooklyn Ave & Dean St
6853d09a-cbd8-4378-bc23-02e8bba0b4da,University Ave & Macombs Rd
2177017859487560566,Riverdale Ave & W 263 St
f3eb962c-314a-4431-bac7-2eb2ffbe2fd2,College Ave & E 169 St
f752c376-3a6f-4cd3-b9fd-3c049d45a9a6,Jerome Ave & Ogden Ave
2bf9addc-038b-48fe-8794-dde085c5e5dc,E 58 St & 1 Ave (NW Corner)
66dcbbfe-0aca-11e7-82f6-3863bb44ef7c,Marcus Garvey Blvd & Macon St
66dcc0b2-0aca-11e7-82f6-3863bb44ef7c,Marcy Ave & Lafayette Ave
66ddea99-0aca-11e7-82f6-3863bb44ef7c,10 St & 7 Ave
ecbfcdb7-fffc-4d45-bed2-1510fd45834d,Jerome Ave & E 164 St
2121032708855884414,Ocean Pkwy & Ave C
c29c9178-bcb1-4c0c-b789-f4a89512a4e4,Concourse Village West & E 156 St
66dbc6ae-0aca-11e7-82f6-3863bb44ef7c,Emerson Pl & Myrtle Ave
66dbf6d2-0aca-11e7-82f6-3863bb44ef7c,Cumberland St & Lafayette Ave
6ff2eec8-2b72-490a-b1c3-f9892ab3a724,E 22 St & 2 Ave
2124426307973079924,Shore Rd & 4 Ave
66dcc65c-0aca-11e7-82f6-3863bb44ef7c,Pulaski St & Marcus Garvey Blvd
cbcbd880-9662-4ab1-b530-781bb101ed1f,Jerome Ave & W 193 St
1794096976946852066,W 27 St & 6 Ave
83a5d761-57d0-4cd6-aa2b-7eb350120d99,Home St & Westchester Ave
66dc0cc7-0aca-11e7-82f6-3863bb44ef7c,Clermont Ave & Lafayette Ave
2176372377229409502,Broadway & W 36 St
454b4a83-d0b1-42a2-8163-261e2a9d6ab9,Lexington Ave & E 26 St
66dde9af-0aca-11e7-82f6-3863bb44ef7c,6 Ave & 9 St
d7c56fef-1bf9-4315-85af-8638c534b402,W 36 St & 7 Ave
292ad4f3-9fb0-44ec-9e61-613c711f73c1,Pacific St & Classon Ave
66de88d7-0aca-11e7-82f6-3863bb44ef7c,Fulton St & Adams St
66dc2c78-0aca-11e7-82f6-3863bb44ef7c,Broadway & W 53 St
1887292564377354448,E 191 St & Bathgate Ave
66dc22a7-0aca-11e7-82f6-3863bb44ef7c,11 Ave & W 27 St
753591ba-36f7-4ded-ab7d-40df9994a05f,Madison St & Malcolm X Blvd
66dc79e6-0aca-11e7-82f6-3863bb44ef7c,W 46 St & 11 Ave
16a4effc-282e-4053-b47b-31f734d50c08,E 123 St & Lexington Ave
2124382079594320876,3 Ave & 77 St
46a1ff6c-6131-414a-9ef6-65a8db7d305f,7 Ave & 40 St
66dcbefb-0aca-11e7-82f6-3863bb44ef7c,Cambridge Pl & Gates Ave
66ddb595-0aca-11e7-82f6-3863bb44ef7c,Monroe St & Tompkins Ave
bb58e953-4953-4fbe-9ef2-367488dfef9b,Washington Ave & E 163 St
1857217349795049790,Lexington Ave & Patchen Ave
66dc4fb5-0aca-11e7-82f6-3863bb44ef7c,W 39 St & 9 Ave
66dde271-0aca-11e7-82f6-3863bb44ef7c,W 87 St & West End Ave
2123938400844950144,Bay Ridge Pkwy & 5 Ave
1828965671716082498,Cortelyou Rd & E 34 St
3d339282-d5c7-41ec-b634-6a988aefd440,E 174 St & Longfellow Ave
2c321ea3-e1dd-4d32-be70-bd158fe1f568,W 44 St & 11 Ave
35a5b4d6-2d90-4b60-b68b-03bb60fb1afc,7 Ave & 20 St
c8197f4b-02b0-4cc3-96af-df5fec27a279,St Mary's St & Jackson Ave
1786696564295760054,Scholes St & Lorimer St
ce95fbdd-b7d2-46fc-910d-5c170e4b7610,Frederick Douglass Blvd & Harlem River Dr
c1c33a35-751f-4dd6-baef-82db46f7ab46,Henry St & Middagh St
66de18d7-0aca-11e7-82f6-3863bb44ef7c,Sigourney St & Columbia St
bda1fab4-5065-42df-a8ff-514e6064ab6e,Maple St & New York Ave
3742e2ab-6cd0-40cf-846a-72cbe637afe1,Exchange Pl
c0a2d591-4eed-488b-b88b-0b23990e3756,E Burnside Ave & Ryer Ave
3f878b81-324e-4673-9221-43d34647e76f,10 St & 2 Ave
8d2eff37-be09-4b46-a95d-abff89e16d56,3 Ave & 17 St
40fd82d6-c0e9-4876-adfb-816140ecfc39,Fort Hamilton Pkwy & E 2 St
dc34ba4c-d8e5-4674-a02e-210c950c05c1,Margaret Corbin Plz & Ft Washington Ave
d9bc0b3e-1af8-4cb6-a082-8ef1245ef329,Lexington Ave & E 120 St
66dd7b37-0aca-11e7-82f6-3863bb44ef7c,Hamilton Park
1958457675193833900,1 Ave & E 118 St
66dea674-0aca-11e7-82f6-3863bb44ef7c,Jackson St & Leonard St
328d778a-7e71-4240-acae-b84f0fdaa5c5,48 St & 5 Ave
66dc209c-0aca-11e7-82f6-3863bb44ef7c,W 22 St & 8 Ave
66de1ea2-0aca-11e7-82f6-3863bb44ef7c,Carroll St & 6 Ave
db41cc62-86ea-4421-bfaf-9b6511cfee10,Jerome Ave & W 195 St
66db3cab-0aca-11e7-82f6-3863bb44ef7c,Bank St & Washington St
66db3053-0aca-11e7-82f6-3863bb44ef7c,Warren St & W Broadway
18eccc71-66be-4e4c-8335-095a9bf0df94,Adam Clayton Powell Blvd & W 126 St
340036c3-2787-4998-9a77-fe54f352d619,6 Ave & 21 St
66dbe4db-0aca-11e7-82f6-3863bb44ef7c,W 31 St & 7 Ave
dccaeeb5-c53a-4f48-80e6-05675b71a8c8,St Nicholas Ave & Manhattan Ave
5f7ac86c-1a98-4603-8749-4bb83ac84acd,Broadway & E 21 St
1815968345907104578,E 48 St & Tilden Ave
66de0861-0aca-11e7-82f6-3863bb44ef7c,E 95 St & 3 Ave
1893519215751496610,40 St & 3 Ave
66dbef15-0aca-11e7-82f6-3863bb44ef7c,Atlantic Ave & Furman St
66dbf215-0aca-11e7-82f6-3863bb44ef7c,Washington St & Gansevoort St
66db5f40-0aca-11e7-82f6-3863bb44ef7c,E 10 St & 5 Ave
0f45bcf6-7028-4584-a51e-4129847dbebc,4 Ave & E 12 St
35915f48-31c5-499a-b845-2ca2fb541904,Yankee Ferry Terminal
1786697003367719132,N 5 St & Wythe Ave
19d17911-1e4a-41fa-b62b-719aa0a6182e,6 Ave & Walker St
66dca682-0aca-11e7-82f6-3863bb44ef7c,W 45 St & 8 Ave
99d149f9-ad40-461e-beea-fcbf086f9b5a,E 11 St & Ave B
1786697166576476490,N 10 St & Berry St
66de2b97-0aca-11e7-82f6-3863bb44ef7c,Carroll St & Smith St
aa8fc8b7-b66c-41d9-9885-30b8af599378,E 10 St & 2 Ave
64f0f28c-bedc-42d5-b107-ecdd48fc30cd,Broadway & W 48 St
66dd3fc3-0aca-11e7-82f6-3863bb44ef7c,E 75 St & 3 Ave
66dbf062-0aca-11e7-82f6-3863bb44ef7c,Allen St & Rivington St
116dbc02-a3c1-4b65-9f73-2a09a2aa1379,10 Ave & W 14 St
66dc8768-0aca-11e7-82f6-3863bb44ef7c,S 5 Pl & S 5 St
1786697528321024934,N 5 St & Northside Piers
4168e5a4-c7ec-4045-bfc8-84ac5edbe845,E 1 St & Bowery
66dd4841-0aca-11e7-82f6-3863bb44ef7c,E 77 St & 3 Ave
1786698158713921798,S 2 St & Kent Ave
1791188268875152272,N 9 St & Wythe Ave
66db3aa3-0aca-11e7-82f6-3863bb44ef7c,Cadman Plaza E & Tillary St
66de542a-0aca-11e7-82f6-3863bb44ef7c,Bergen St & Smith St
66dc8f1f-0aca-11e7-82f6-3863bb44ef7c,1 Ave & E 18 St
0096fecb-3a56-4585-9204-aa9554f7bc49,E 5 St & Ave A
66db2afe-0aca-11e7-82f6-3863bb44ef7c,MacDougal St & Prince St
2133952475068346460,Kent Ave & N 3 St
66dd4c5f-0aca-11e7-82f6-3863bb44ef7c,Columbus Ave & W 72 St
9e5fd5b6-c5f2-4694-9406-a44b7d0146d9,Kenmare St & Elizabeth St
66dc0f1b-0aca-11e7-82f6-3863bb44ef7c,Bus Slip & State St
66db6aae-0aca-11e7-82f6-3863bb44ef7c,E 2 St & Ave B
1960020540642077008,Division St & Bowery
66dde630-0aca-11e7-82f6-3863bb44ef7c,E 93 St & 2 Ave
66de5613-0aca-11e7-82f6-3863bb44ef7c,Dean St & Hoyt St
66de2556-0aca-11e7-82f6-3863bb44ef7c,E 74 St & 1 Ave
c466f15e-715f-411e-904e-1a71fb574cdd,7 Ave S & Bleecker St
81a98b0b-cfd6-48b4-90bd-806ebbc264a0,Montgomery St & Franklin Ave
c4d6b123-df5a-446d-b0ae-d3c4846565d5,E 170 St & Webster Ave
18267c09-1916-48d8-951c-caf88c89edd1,3 Ave & E 172 St
66dc2606-0aca-11e7-82f6-3863bb44ef7c,W 22 St & 10 Ave
66dd9fa6-0aca-11e7-82f6-3863bb44ef7c,E 48 St & 5 Ave
66dc48ef-0aca-11e7-82f6-3863bb44ef7c,W 44 St & 5 Ave
66db7a71-0aca-11e7-82f6-3863bb44ef7c,Cadman Plaza E & Red Cross Pl
e51c8b72-460f-41c2-a5ca-de85d3f46a30,W 30 St & 10 Ave
1960021358478625244,W 27 St & 7 Ave
36d80620-9774-487e-8eb0-cf5f18a39321,E 188 St & Creston Ave
69f84045-48f9-4c6c-90d3-0503e5ed39e9,Prospect Pl & Underhill Ave
1834145868297717964,New York Ave & Montgomery St
2250947145293496720,Highland Blvd & Bulwer Pl
66dc4334-0aca-11e7-82f6-3863bb44ef7c,W 53 St & 10 Ave
66dbeb1b-0aca-11e7-82f6-3863bb44ef7c,Clark St & Henry St
39f756c2-3904-463e-95a8-8d8e3540e845,W 25 St & 9 Ave
66dc1c5c-0aca-11e7-82f6-3863bb44ef7c,W 24 St & 7 Ave
acfeadeb-73bb-4ec3-b809-78675b01af74,Crown St & Rogers Ave
46bdd925-fb6c-4654-85d8-e0db4da62abf,Frederick Douglass Blvd & W 112 St
18a2cbb6-91f2-4393-82fb-b40a8ba90f20,Amsterdam Ave & W 175 St
66dc7323-0aca-11e7-82f6-3863bb44ef7c,W 26 St & 8 Ave
66dded7a-0aca-11e7-82f6-3863bb44ef7c,6 Ave & 12 St
31f340f3-3201-449e-b017-a26813aa448f,46 St & 7 Ave
981f1311-004f-41c3-ba5b-3679f78aeb70,Sterling St & Bedford Ave
66dbe96d-0aca-11e7-82f6-3863bb44ef7c,W 26 St & 10 Ave
189f573b-a2d0-40d2-af15-83c5015d93e2,7 Ave & 41 St
66de1af4-0aca-11e7-82f6-3863bb44ef7c,W 106 St & Amsterdam Ave
66db4549-0aca-11e7-82f6-3863bb44ef7c,Washington Park
66db93a1-0aca-11e7-82f6-3863bb44ef7c,Cherry St
1833865926273309136,W 84 St & Amsterdam Ave
1835247196073118026,Ditmars Blvd & 94 St
66dc3a1a-0aca-11e7-82f6-3863bb44ef7c,E 32 St & Park Ave
6dec8948-44c7-4085-9682-446a891feb42,Rogers Ave & Sterling St
943be327-0320-4ae1-8eb0-8a56f86a4fb6,Frederick Douglass Blvd & W 145 St
66ddede1-0aca-11e7-82f6-3863bb44ef7c,W 95 St & Broadway
10c13fe2-34cb-4aff-bea1-4f5ce877769b,E 142 St & 3 Ave
bc5235a5-7f10-4a27-806e-9c25fa700959,Broadway & Moylan Pl
1817432954560889524,Cortelyou Rd & Albany Ave
2126579471787670468,Shore Pkwy Greenway & Bay Ridge Ave
1823008917260927616,Brooklyn Ave & Tilden Ave
8c700e85-cfdb-4eef-ba49-53bd69c004ed,Stockholm St & Wilson Ave
89ff4db3-8a29-4565-a366-6fea4b3afc39,Dyckman St & Henshaw St
f42b3158-3f78-4a62-964a-8cc554d69c35,Maple St & Albany Ave
1817432434869846072,Rogers Ave & Snyder Ave
1898751402035634700,E 51 St & Linden Blvd
66dc36c3-0aca-11e7-82f6-3863bb44ef7c,W 20 St & 8 Ave
4d674595-187c-417c-a691-676c4446c9fc,Southern Blvd & E 142 St
66dcf30d-0aca-11e7-82f6-3863bb44ef7c,Hope St & Union Ave
66db33fc-0aca-11e7-82f6-3863bb44ef7c,W 18 St & 6 Ave
66db7a0d-0aca-11e7-82f6-3863bb44ef7c,Leonard St & Church St
66dea52b-0aca-11e7-82f6-3863bb44ef7c,Devoe St & Lorimer St
1880644037244334512,55 Ave & Center Blvd
66dde8ac-0aca-11e7-82f6-3863bb44ef7c,Columbus Ave & W 103 St
42bf7170-61ab-44a0-aafe-1b89d7271718,Prospect Park SW & 10 Ave
711ccb32-e1bc-4577-ac7b-50592cc9b8a0,58 St & Pier 4
66de4408-0aca-11e7-82f6-3863bb44ef7c,President St & Henry St
1975518133370609774,Broadway & E 19 St
4eb6d6a8-ecc1-4e89-a586-4f96ed3d83e1,5 Ave & 41 St
4bbf50a9-47c2-4a32-97c2-1f6bc4f9d401,E Fordham Rd & Webster Ave
66ddb7bf-0aca-11e7-82f6-3863bb44ef7c,Montague St & Clinton St
66dc73b0-0aca-11e7-82f6-3863bb44ef7c,W 47 St & 10 Ave
66dd3d7f-0aca-11e7-82f6-3863bb44ef7c,E 68 St & 3 Ave
66dbf518-0aca-11e7-82f6-3863bb44ef7c,Forsyth St & Canal St
8066575c-f8e9-4e14-95ea-8d25ceeae2ca,1 St & 6 Ave
cbf76774-1276-4cf8-9442-f00571f1451c,Clinton St & Tillary St
ad17bd9a-735b-4a11-8ad3-dc7800e342af,Southpoint Park
18326827-dcae-47e0-8518-c4bb9e21eef6,Keegan Rd & 2 Ave
66de1f17-0aca-11e7-82f6-3863bb44ef7c,Madison Ave & E 82 St
a93cb1ec-fb37-4faf-a7e7-d1e5a9e9af95,Central Park W & W 91 St
33840944-aa92-4d91-9de8-d29e5cd0b2d9,Warren St & Smith St
66dd4ccc-0aca-11e7-82f6-3863bb44ef7c,Central Park W & W 72 St
66dc0bbd-0aca-11e7-82f6-3863bb44ef7c,Front St & Gold St
66dc7e75-0aca-11e7-82f6-3863bb44ef7c,E 47 St & 1 Ave
66db408f-0aca-11e7-82f6-3863bb44ef7c,Harrison St & Hudson St
66dc4b4c-0aca-11e7-82f6-3863bb44ef7c,W 37 St & 5 Ave
61c82689-3f4c-495d-8f44-e71de8f04088,E 33 St & 1 Ave
2290031f-e7d8-40a3-9ad6-566df493bbbc,Grove St PATH
dd8627c8-4190-4a30-8758-e77a7b010437,St Nicholas Ave & W 126 St
53e30d38-a110-42b4-a8f9-ca801a847ac7,Greene St & Prince St
66db2d2b-0aca-11e7-82f6-3863bb44ef7c,Clinton St & Joralemon St
66de85d2-0aca-11e7-82f6-3863bb44ef7c,Grand St & Elizabeth St
66dea894-0aca-11e7-82f6-3863bb44ef7c,Murray St & Greenwich St
1882824287789509296,3 Ave & E 71 St
b7af52d2-fd23-4970-8513-be7c681480c4,Adams St & Prospect St
9b0c2c99-214f-4e15-b476-1626c03a9e4e,Washington St & Laight St
66dbe68e-0aca-11e7-82f6-3863bb44ef7c,Greenwich Ave & Charles St
66dbe848-0aca-11e7-82f6-3863bb44ef7c,Centre St & Worth St
90c35466-db3c-4b0d-993e-6e92883773b4,6 Ave & Broome St
7b0227aa-bbf5-4731-a49a-765b4afac483,E 1 St & 1 Ave
66dc1beb-0aca-11e7-82f6-3863bb44ef7c,E 10 St & Ave A
ceb179f3-89c3-4c3e-8a0a-3415406a9463,Amsterdam Ave & W 180 St
4775fd25-2240-44d7-884a-d777d15a9b5e,Longfellow Ave & E 165 St
66dcc37f-0aca-11e7-82f6-3863bb44ef7c,Greene Ave & Nostrand Ave
1ec7ef9f-ab60-4a64-821d-883ba547273a,E 132 St & Madison Ave
c702c094-b08f-449d-a41d-b3724f147491,Pacific St & Nostrand Ave
66dccad8-0aca-11e7-82f6-3863bb44ef7c,Myrtle Ave & Lewis Ave
c3189056-8eda-4278-891f-e8e15c2d759a,Carlton Ave & Dean St
655ad2f2-6bcc-4eee-95a9-4f528c0b81cd,Wards Meadow Comfort Station
27c71510-d515-4add-b660-6efd6f225cd1,Sterling Pl & 5 Ave
b4a320d6-2611-4940-96ca-17fb297ec826,Sunken Meadow Comfort Station
380394f7-64fa-4a65-a4d1-7bcaddd41fab,57 St & 4 Ave
a2f71eea-05a2-4fe7-99ab-f74535c880ae,Bedford Ave & Bergen St
bd6f422b-d7ae-4d7e-9261-653fdd8e6888,12 St & Sinatra Dr N
0bd9bd58-42e6-4680-9d19-83943372221f,6 Ave & 60 St
199ea9dd-8f7e-4e05-a730-55edaacd8787,E 63 St & 3 Ave
66ddeffd-0aca-11e7-82f6-3863bb44ef7c,14 St & 5 Ave
1947367330341251364,Marcy Ave & Gates Ave
66db3d2a-0aca-11e7-82f6-3863bb44ef7c,Willoughby St & Fleet St
66dced76-0aca-11e7-82f6-3863bb44ef7c,Broadway & Roebling St
e8a6c13b-1f6e-4e6b-bdf8-9b0e597e4a62,8 Ave & W 16 St
2204160305291212104,Greenwich St & Rector St
26176e86-8362-4c91-a693-6aa3f9ce0b73,Dean St & Franklin Ave
1815968422007427668,Schenectady Ave & Cortelyou Rd
d47c856e-8cda-4da0-b8eb-1ccf0e6ef7ab,Brooklyn Bridge Park - Pier 2
30a75e12-5327-48f0-8155-3925aa934054,57 St & 7 Ave
2124037510131026812,4 Ave & 94 St
66dc8025-0aca-11e7-82f6-3863bb44ef7c,Park Ave & E 42 St
d5cabb43-6c78-4022-964e-a8b02470509e,Sterling St & Nostrand Ave
66de0c43-0aca-11e7-82f6-3863bb44ef7c,Degraw St & Hoyt St
66de71af-0aca-11e7-82f6-3863bb44ef7c,Hanson Pl & Ashland Pl
490ca6cc-c2a2-4838-acf0-4704ed60dc51,W 47 St & 9 Ave
66de1fe7-0aca-11e7-82f6-3863bb44ef7c,Carroll St & 5 Ave
1814900353536621062,Parkside Ave & Ocean Ave
18415ea7-efce-408d-bcb9-4693fb088dda,Broadway & Berry St
66dd52c8-0aca-11e7-82f6-3863bb44ef7c,W 70 St & Amsterdam Ave
66dc3782-0aca-11e7-82f6-3863bb44ef7c,Grand St & Havemeyer St
66dc3e89-0aca-11e7-82f6-3863bb44ef7c,E 31 St & 3 Ave
66dd1eb2-0aca-11e7-82f6-3863bb44ef7c,Milton St & Franklin St
66de0dfd-0aca-11e7-82f6-3863bb44ef7c,E 97 St & Madison Ave
b47e5ffd-4215-4476-a89b-ebe52111f763,Roosevelt Island Tramway
66dde208-0aca-11e7-82f6-3863bb44ef7c,E 89 St & 3 Ave
c2291f8e-3b07-4671-82af-2b947825de4a,State St & Smith St
66dc7f02-0aca-11e7-82f6-3863bb44ef7c,Park Ave & E 41 St
7d5fa1f0-4069-4d5d-b735-5d500597394a,W Broadway & Watts St
66db72f1-0aca-11e7-82f6-3863bb44ef7c,Allen St & Stanton St
66de602e-0aca-11e7-82f6-3863bb44ef7c,Douglass St & 4 Ave
e58234a3-5b23-427e-948f-c1e4571b2bfa,Division Ave & Hooper St
2241933651126795842,Greenwich St & Christopher St
66dc3ab9-0aca-11e7-82f6-3863bb44ef7c,Rivington St & Chrystie St
2245650716933709032,Lafayette St & Astor Pl
66db4351-0aca-11e7-82f6-3863bb44ef7c,Lispenard St & Broadway
72196024-6f2b-45cb-9764-609911c7dc0b,Broadway & W 61 St
66db6963-0aca-11e7-82f6-3863bb44ef7c,E 15 St & 3 Ave
1dacb0f6-29f5-4d1b-b910-92ffa5b4ca5d,Eastern Pkwy & Franklin Ave (NE Corner)
66dc259a-0aca-11e7-82f6-3863bb44ef7c,E 20 St & 2 Ave
66dd9dba-0aca-11e7-82f6-3863bb44ef7c,Bond St & Fulton St
66dd6000-0aca-11e7-82f6-3863bb44ef7c,McGinley Square
66dcf023-0aca-11e7-82f6-3863bb44ef7c,S 4 St & Rodney St
7f1b4c40-d9fa-4182-be0e-a993655cfb6f,Brook Ave & E 138 St
66db3a1e-0aca-11e7-82f6-3863bb44ef7c,Great Jones St
66dd42eb-0aca-11e7-82f6-3863bb44ef7c,1 Ave & E 68 St
66dd2556-0aca-11e7-82f6-3863bb44ef7c,46 Ave & 5 St
66dde914-0aca-11e7-82f6-3863bb44ef7c,Butler St & Court St
a4368364-fa79-493c-8478-1d3471a6077f,E 11 St & 3 Ave
b9720921-8170-43ea-a5ae-b61b9161eb49,5 Ave & E 87 St
868586b3-ddc7-4b4b-9bed-a1e487033aaa,Pacific St & Smith St
a76299eb-73f7-401c-aa8b-edff9ef003bd,Congress St & Clinton St
1786698321265653818,S 4 St & Roebling St
af72781c-fe0b-4b73-a7df-201f9780ea9c,W Broadway & W Houston St
66db7152-0aca-11e7-82f6-3863bb44ef7c,St James Pl & Oliver St
3d835eaa-a102-42c5-b6c0-2c693b1d0677,Schermerhorn St & Court St
66db631c-0aca-11e7-82f6-3863bb44ef7c,Greenwich Ave & 8 Ave
66dbc37a-0aca-11e7-82f6-3863bb44ef7c,Rivington St & Ridge St
66dc7d58-0aca-11e7-82f6-3863bb44ef7c,12 Ave & W 40 St
66db728c-0aca-11e7-82f6-3863bb44ef7c,Norfolk St & Broome St
66dbe571-0aca-11e7-82f6-3863bb44ef7c,W 4 St & 7 Ave S
412c1416-d15b-4e6a-9691-da4c3cc0d0d2,Bleecker St & Crosby St
66db6d40-0aca-11e7-82f6-3863bb44ef7c,Mercer St & Spring St
1937777808143497236,Columbus Ave & W 59 St
dad39e68-53f5-47c2-87e2-b1cc0e34f90f,5 Ave & W 131 St
83d1ff16-ba56-4eae-aa6a-b37b6439db82,53 St & 5 Ave
50e05a9f-dce6-4315-a10d-1fa786fc18ee,Central Park W & W 97 St
66de5773-0aca-11e7-82f6-3863bb44ef7c,Pacific St & Nevins St
1c82b223-42ba-4d15-8e8a-bd8ae2a57cde,24 St & 5 Ave
66ddbdb1-0aca-11e7-82f6-3863bb44ef7c,Pier 40 - Hudson River Park
66ddbd20-0aca-11e7-82f6-3863bb44ef7c,8 Ave & W 31 St
b94cc90e-9ca2-4471-8371-23be051e0157,7 Ave & Central Park South
66de2199-0aca-11e7-82f6-3863bb44ef7c,5 Ave & 3 St
66de14af-0aca-11e7-82f6-3863bb44ef7c,Van Brunt St & Wolcott St
1786375069262703476,Norman Ave & Leonard St
66dde703-0aca-11e7-82f6-3863bb44ef7c,Warren St & Court St
66dd2811-0aca-11e7-82f6-3863bb44ef7c,Queens Plaza N & Crescent St
1786697771181570266,Kent Ave & Grand St
4543214c-c9d4-4f20-9cd9-dd05cc365931,Sands St & Jay St
66dc7659-0aca-11e7-82f6-3863bb44ef7c,FDR Drive & E 35 St
93e2e1a5-49c5-41f8-a6bf-b399b6a5140d,E 2 St & Ave A
66ddb6d9-0aca-11e7-82f6-3863bb44ef7c,University Pl & E 8 St
3edec530-4791-4872-8912-2a2397a903a4,E 6 St & 2 Ave
66dc120f-0aca-11e7-82f6-3863bb44ef7c,W 21 St & 6 Ave
a11a0000-19cf-4053-b3a1-3a5886d7446c,Flatbush Ave & Ocean Ave
66dc41bb-0aca-11e7-82f6-3863bb44ef7c,11 Ave & W 41 St
66dc252e-0aca-11e7-82f6-3863bb44ef7c,S 4 St & Wythe Ave
66dc7de9-0aca-11e7-82f6-3863bb44ef7c,W 43 St & 10 Ave
66dd40dd-0aca-11e7-82f6-3863bb44ef7c,5 Ave & E 72 St
ed5c92f1-3293-4385-9e2b-9b716a096a19,Plaza St East & Flatbush Ave
66dc2238-0aca-11e7-82f6-3863bb44ef7c,Broadway & W 58 St
1929504694747056164,Pier 61 at Chelsea Piers
81640d04-c36a-4fb1-98b0-85be10be516c,Schenectady Ave & Pacific St
66dd3cb4-0aca-11e7-82f6-3863bb44ef7c,21 St & Queens Plaza N
8c2ed08f-1660-4db8-9168-4709427c23ed,35 St & Broadway
2088792249063596144,Soissons Landing
66db2fd0-0aca-11e7-82f6-3863bb44ef7c,Cleveland Pl & Spring St
66dc4bd9-0aca-11e7-82f6-3863bb44ef7c,Broadway & W 29 St
66db9845-0aca-11e7-82f6-3863bb44ef7c,Sullivan St & Washington Sq
66dd2208-0aca-11e7-82f6-3863bb44ef7c,McGuinness Blvd & Eagle St
a1acdab2-29c7-4956-8b2e-24b39dc2ff13,Schermerhorn St & Hoyt St
2245653996122222312,Hudson Pl & Hoboken Terminal
3b530cff-dd26-4cfd-b570-a85fd53354fe,West St & Liberty St
66ddef2d-0aca-11e7-82f6-3863bb44ef7c,10 St & 5 Ave
1815967442754883940,Church Ave & Nostrand Ave
66de269c-0aca-11e7-82f6-3863bb44ef7c,3 Ave & E 72 St
66dd4de9-0aca-11e7-82f6-3863bb44ef7c,Amsterdam Ave & W 73 St
e8df73bd-5d3d-47c9-b04d-bcec4db5540f,Cliff St & Fulton St
2239346024496294782,Murray St & West St (NW Corner)